{
    "credit": "Made with Blockbench by dragonmaster95",
    "textures": {
        "1": "hotbar_pets:item/gible"
    },
    "elements": [
        {
            "name": "s",
            "from": [
                1,
                11,
                -4
            ],
            "to": [
                15,
                18,
                2
            ],
            "rotation": {
                "angle": 22.5,
                "axis": "x",
                "origin": [
                    8,
                    10,
                    8
                ]
            },
            "faces": {
                "north": {
                    "uv": [
                        3.1,
                        0.1,
                        4.5,
                        1.5
                    ],
                    "texture": "#1"
                },
                "east": {
                    "uv": [
                        6.1,
                        0.1,
                        15.9,
                        12.9
                    ],
                    "texture": "#1"
                },
                "west": {
                    "uv": [
                        6.1,
                        0.1,
                        15.9,
                        12.9
                    ],
                    "texture": "#1"
                },
                "up": {
                    "uv": [
                        3.1,
                        0.1,
                        4.5,
                        1.5
                    ],
                    "texture": "#1"
                },
                "down": {
                    "uv": [
                        1.75,
                        12.1,
                        2.25,
                        12.25
                    ],
                    "texture": "#1"
                }
            }
        },
        {
            "name": "s",
            "from": [
                4,
                11,
                -6
            ],
            "to": [
                12,
                18,
                0
            ],
            "rotation": {
                "angle": 22.5,
                "axis": "x",
                "origin": [
                    8,
                    10,
                    8
                ]
            },
            "faces": {
                "north": {
                    "uv": [
                        3.1,
                        0.1,
                        4.5,
                        1.5
                    ],
                    "texture": "#1"
                },
                "east": {
                    "uv": [
                        3.1,
                        0.1,
                        4.5,
                        1.5
                    ],
                    "texture": "#1"
                },
                "west": {
                    "uv": [
                        3.1,
                        0.1,
                        4.5,
                        1.5
                    ],
                    "texture": "#1"
                },
                "up": {
                    "uv": [
                        3.1,
                        0.1,
                        4.5,
                        1.5
                    ],
                    "texture": "#1"
                },
                "down": {
                    "uv": [
                        1.75,
                        12.1,
                        2.25,
                        12.25
                    ],
                    "texture": "#1"
                }
            }
        },
        {
            "name": "s",
            "from": [
                1.25,
                7,
                0
            ],
            "to": [
                14.75,
                8.5,
                2
            ],
            "rotation": {
                "angle": 22.5,
                "axis": "x",
                "origin": [
                    8,
                    10,
                    8
                ]
            },
            "faces": {
                "east": {
                    "uv": [
                        0.1,
                        1.1,
                        2.9,
                        2.9
                    ],
                    "texture": "#1"
                },
                "west": {
                    "uv": [
                        2.9,
                        1.1,
                        0.1,
                        2.9
                    ],
                    "texture": "#1"
                }
            }
        },
        {
            "name": "s",
            "from": [
                1.25,
                9,
                -3
            ],
            "to": [
                14.75,
                11,
                3
            ],
            "rotation": {
                "angle": 22.5,
                "axis": "x",
                "origin": [
                    8,
                    10,
                    8
                ]
            },
            "faces": {
                "east": {
                    "uv": [
                        0.1,
                        0.1,
                        2.9,
                        9.9
                    ],
                    "rotation": 90,
                    "texture": "#1"
                },
                "west": {
                    "uv": [
                        0.1,
                        9.9,
                        2.9,
                        0.1
                    ],
                    "rotation": 90,
                    "texture": "#1"
                }
            }
        },
        {
            "name": "s",
            "from": [
                1,
                3,
                2
            ],
            "to": [
                15,
                18,
                15
            ],
            "rotation": {
                "angle": 22.5,
                "axis": "x",
                "origin": [
                    8,
                    10,
                    8
                ]
            },
            "faces": {
                "north": {
                    "uv": [
                        0.75,
                        10.1,
                        2.25,
                        12.25
                    ],
                    "texture": "#1"
                },
                "east": {
                    "uv": [
                        6.6,
                        13.1,
                        15.9,
                        15.5
                    ],
                    "rotation": 90,
                    "texture": "#1"
                },
                "south": {
                    "uv": [
                        6.6,
                        15.75,
                        15.9,
                        15.25
                    ],
                    "rotation": 90,
                    "texture": "#1"
                },
                "west": {
                    "uv": [
                        6.6,
                        15.5,
                        15.9,
                        13.1
                    ],
                    "rotation": 90,
                    "texture": "#1"
                },
                "up": {
                    "uv": [
                        3.1,
                        0.1,
                        4.5,
                        1.5
                    ],
                    "texture": "#1"
                },
                "down": {
                    "uv": [
                        10.1,
                        13.9,
                        15.4,
                        13.1
                    ],
                    "rotation": 90,
                    "texture": "#1"
                }
            }
        },
        {
            "name": "s",
            "from": [
                -1,
                15,
                3
            ],
            "to": [
                5,
                21,
                13
            ],
            "rotation": {
                "angle": 22.5,
                "axis": "x",
                "origin": [
                    9,
                    10,
                    8
                ]
            },
            "faces": {
                "north": {
                    "uv": [
                        3.1,
                        0.1,
                        4.5,
                        1.5
                    ],
                    "texture": "#1"
                },
                "east": {
                    "uv": [
                        0.1,
                        13.1,
                        3.2,
                        13.9
                    ],
                    "rotation": 180,
                    "texture": "#1"
                },
                "south": {
                    "uv": [
                        3.1,
                        0.1,
                        4.5,
                        1.5
                    ],
                    "texture": "#1"
                },
                "west": {
                    "uv": [
                        0.1,
                        13.1,
                        3.2,
                        13.9
                    ],
                    "rotation": 180,
                    "texture": "#1"
                },
                "up": {
                    "uv": [
                        0.1,
                        13.1,
                        3.2,
                        13.9
                    ],
                    "rotation": 270,
                    "texture": "#1"
                },
                "down": {
                    "uv": [
                        0.1,
                        13.1,
                        3.2,
                        13.9
                    ],
                    "rotation": 90,
                    "texture": "#1"
                }
            }
        },
        {
            "name": "s",
            "from": [
                11,
                15,
                3
            ],
            "to": [
                17,
                21,
                13
            ],
            "rotation": {
                "angle": 22.5,
                "axis": "x",
                "origin": [
                    7,
                    10,
                    8
                ]
            },
            "faces": {
                "north": {
                    "uv": [
                        4.5,
                        0.1,
                        3.1,
                        1.5
                    ],
                    "texture": "#1"
                },
                "east": {
                    "uv": [
                        3.2,
                        13.1,
                        0.1,
                        13.9
                    ],
                    "rotation": 180,
                    "texture": "#1"
                },
                "south": {
                    "uv": [
                        4.5,
                        0.1,
                        3.1,
                        1.5
                    ],
                    "texture": "#1"
                },
                "west": {
                    "uv": [
                        3.2,
                        13.1,
                        0.1,
                        13.9
                    ],
                    "rotation": 180,
                    "texture": "#1"
                },
                "up": {
                    "uv": [
                        0.1,
                        13.9,
                        3.2,
                        13.1
                    ],
                    "rotation": 270,
                    "texture": "#1"
                },
                "down": {
                    "uv": [
                        0.1,
                        13.9,
                        3.2,
                        13.1
                    ],
                    "rotation": 90,
                    "texture": "#1"
                }
            }
        },
        {
            "name": "s",
            "from": [
                7,
                13.5,
                2.5
            ],
            "to": [
                9,
                23.25,
                17.5
            ],
            "rotation": {
                "angle": -22.5,
                "axis": "x",
                "origin": [
                    8,
                    12.5,
                    2
                ]
            },
            "faces": {
                "east": {
                    "uv": [
                        3.1,
                        0.1,
                        4.5,
                        1.5
                    ],
                    "texture": "#1"
                },
                "south": {
                    "uv": [
                        3.1,
                        0.1,
                        4.5,
                        1.5
                    ],
                    "texture": "#1"
                },
                "west": {
                    "uv": [
                        3.1,
                        0.1,
                        4.5,
                        1.5
                    ],
                    "texture": "#1"
                },
                "up": {
                    "uv": [
                        3.1,
                        0.1,
                        4.5,
                        1.5
                    ],
                    "texture": "#1"
                }
            }
        },
        {
            "name": "s",
            "from": [
                7,
                11.5,
                10.5
            ],
            "to": [
                9,
                21.25,
                21.5
            ],
            "rotation": {
                "angle": -22.5,
                "axis": "x",
                "origin": [
                    8,
                    12.5,
                    2
                ]
            },
            "faces": {
                "east": {
                    "uv": [
                        3.1,
                        0.1,
                        4.5,
                        1.5
                    ],
                    "texture": "#1"
                },
                "south": {
                    "uv": [
                        3.1,
                        0.1,
                        4.5,
                        1.5
                    ],
                    "texture": "#1"
                },
                "west": {
                    "uv": [
                        3.1,
                        0.1,
                        4.5,
                        1.5
                    ],
                    "texture": "#1"
                },
                "up": {
                    "uv": [
                        3.1,
                        0.1,
                        4.5,
                        1.5
                    ],
                    "texture": "#1"
                },
                "down": {
                    "uv": [
                        3.1,
                        0.1,
                        4.5,
                        1.5
                    ],
                    "texture": "#1"
                }
            }
        },
        {
            "name": "s",
            "from": [
                7,
                -0.15,
                7.5
            ],
            "to": [
                9,
                2.85,
                14
            ],
            "rotation": {
                "angle": -22.5,
                "axis": "x",
                "origin": [
                    8,
                    11.1,
                    7
                ]
            },
            "faces": {
                "east": {
                    "uv": [
                        3.1,
                        0.1,
                        4.5,
                        1.5
                    ],
                    "texture": "#1"
                },
                "west": {
                    "uv": [
                        3.1,
                        0.1,
                        4.5,
                        1.5
                    ],
                    "texture": "#1"
                },
                "down": {
                    "uv": [
                        3.1,
                        0.1,
                        4.5,
                        1.5
                    ],
                    "texture": "#1"
                }
            }
        },
        {
            "name": "s",
            "from": [
                7,
                3.38514,
                9.24027
            ],
            "to": [
                9.00133,
                6.33067,
                17.77235
            ],
            "rotation": {
                "angle": 0,
                "axis": "x",
                "origin": [
                    8.00133,
                    10.33067,
                    6.99027
                ]
            },
            "faces": {
                "east": {
                    "uv": [
                        3.1,
                        0.1,
                        4.5,
                        1.5
                    ],
                    "texture": "#1"
                },
                "south": {
                    "uv": [
                        3.1,
                        0.1,
                        4.5,
                        1.5
                    ],
                    "texture": "#1"
                },
                "west": {
                    "uv": [
                        3.1,
                        0.1,
                        4.5,
                        1.5
                    ],
                    "texture": "#1"
                },
                "up": {
                    "uv": [
                        3.1,
                        0.1,
                        4.5,
                        1.5
                    ],
                    "texture": "#1"
                },
                "down": {
                    "uv": [
                        3.1,
                        0.1,
                        4.5,
                        1.5
                    ],
                    "texture": "#1"
                }
            }
        },
        {
            "name": "s",
            "from": [
                7.00002,
                19.01187,
                12.20975
            ],
            "to": [
                9.00002,
                28.3598,
                23.35123
            ],
            "rotation": {
                "angle": 0,
                "axis": "x",
                "origin": [
                    8.00002,
                    13.26187,
                    0.85123
                ]
            },
            "faces": {
                "north": {
                    "uv": [
                        3.1,
                        0.1,
                        4.5,
                        1.5
                    ],
                    "texture": "#1"
                },
                "east": {
                    "uv": [
                        3.1,
                        0.1,
                        4.5,
                        1.5
                    ],
                    "texture": "#1"
                },
                "south": {
                    "uv": [
                        3.1,
                        0.1,
                        4.5,
                        1.5
                    ],
                    "texture": "#1"
                },
                "west": {
                    "uv": [
                        3.1,
                        0.1,
                        4.5,
                        1.5
                    ],
                    "texture": "#1"
                },
                "up": {
                    "uv": [
                        3.1,
                        0.1,
                        4.5,
                        1.5
                    ],
                    "texture": "#1"
                },
                "down": {
                    "uv": [
                        3.1,
                        0.1,
                        4.5,
                        1.5
                    ],
                    "texture": "#1"
                }
            }
        },
        {
            "name": "s",
            "from": [
                -3,
                0,
                5
            ],
            "to": [
                4,
                8,
                12
            ],
            "rotation": {
                "angle": 0,
                "axis": "x",
                "origin": [
                    9,
                    11,
                    7
                ]
            },
            "faces": {
                "north": {
                    "uv": [
                        1.1,
                        13.1,
                        5.9,
                        15.9
                    ],
                    "texture": "#1"
                },
                "east": {
                    "uv": [
                        6.9,
                        13.1,
                        5.75,
                        15.9
                    ],
                    "texture": "#1"
                },
                "south": {
                    "uv": [
                        3.1,
                        0.1,
                        4.5,
                        1.5
                    ],
                    "texture": "#1"
                },
                "west": {
                    "uv": [
                        5.75,
                        13.1,
                        6.9,
                        15.9
                    ],
                    "texture": "#1"
                },
                "up": {
                    "uv": [
                        3.1,
                        0.1,
                        4.5,
                        1.5
                    ],
                    "texture": "#1"
                },
                "down": {
                    "uv": [
                        3.1,
                        0.1,
                        4.5,
                        1.5
                    ],
                    "texture": "#1"
                }
            }
        },
        {
            "name": "s",
            "from": [
                13,
                0,
                5
            ],
            "to": [
                20,
                8,
                12
            ],
            "rotation": {
                "angle": 0,
                "axis": "x",
                "origin": [
                    7,
                    11,
                    7
                ]
            },
            "faces": {
                "north": {
                    "uv": [
                        5.9,
                        13.1,
                        1.1,
                        15.9
                    ],
                    "texture": "#1"
                },
                "east": {
                    "uv": [
                        6.9,
                        13.1,
                        5.75,
                        15.9
                    ],
                    "texture": "#1"
                },
                "south": {
                    "uv": [
                        3.1,
                        0.1,
                        4.5,
                        1.5
                    ],
                    "texture": "#1"
                },
                "west": {
                    "uv": [
                        5.75,
                        13.1,
                        6.9,
                        15.9
                    ],
                    "texture": "#1"
                },
                "up": {
                    "uv": [
                        3.1,
                        0.1,
                        4.5,
                        1.5
                    ],
                    "texture": "#1"
                },
                "down": {
                    "uv": [
                        3.1,
                        0.1,
                        4.5,
                        1.5
                    ],
                    "texture": "#1"
                }
            }
        },
        {
            "name": "s",
            "from": [
                -2.98463,
                9.25,
                -0.09776
            ],
            "to": [
                1.01537,
                13.25,
                7.90224
            ],
            "rotation": {
                "angle": -22.5,
                "axis": "x",
                "origin": [
                    -1.01219,
                    11.98949,
                    7.02268
                ]
            },
            "faces": {
                "north": {
                    "uv": [
                        2.1,
                        13.1,
                        6.9,
                        15.9
                    ],
                    "rotation": 180,
                    "texture": "#1"
                },
                "east": {
                    "uv": [
                        6.5,
                        15.9,
                        7.9,
                        13.1
                    ],
                    "rotation": 90,
                    "texture": "#1"
                },
                "south": {
                    "uv": [
                        3.1,
                        0.1,
                        4.5,
                        1.5
                    ],
                    "texture": "#1"
                },
                "west": {
                    "uv": [
                        6.5,
                        13.1,
                        7.9,
                        15.9
                    ],
                    "rotation": 90,
                    "texture": "#1"
                },
                "up": {
                    "uv": [
                        2.1,
                        13.1,
                        6.9,
                        15.9
                    ],
                    "rotation": 180,
                    "texture": "#1"
                },
                "down": {
                    "uv": [
                        3.1,
                        0.1,
                        4.5,
                        1.5
                    ],
                    "texture": "#1"
                }
            }
        },
        {
            "name": "s",
            "from": [
                14.98463,
                9.25,
                -0.09776
            ],
            "to": [
                18.98463,
                13.25,
                7.90224
            ],
            "rotation": {
                "angle": -22.5,
                "axis": "x",
                "origin": [
                    17.01219,
                    11.98949,
                    7.02268
                ]
            },
            "faces": {
                "north": {
                    "uv": [
                        6.9,
                        13.1,
                        2.1,
                        15.9
                    ],
                    "rotation": 180,
                    "texture": "#1"
                },
                "east": {
                    "uv": [
                        6.5,
                        15.9,
                        7.9,
                        13.1
                    ],
                    "rotation": 90,
                    "texture": "#1"
                },
                "south": {
                    "uv": [
                        4.5,
                        0.1,
                        3.1,
                        1.5
                    ],
                    "texture": "#1"
                },
                "west": {
                    "uv": [
                        6.5,
                        13.1,
                        7.9,
                        15.9
                    ],
                    "rotation": 90,
                    "texture": "#1"
                },
                "up": {
                    "uv": [
                        6.9,
                        13.1,
                        2.1,
                        15.9
                    ],
                    "rotation": 180,
                    "texture": "#1"
                },
                "down": {
                    "uv": [
                        4.5,
                        0.1,
                        3.1,
                        1.5
                    ],
                    "texture": "#1"
                }
            }
        }
    ],
    "display": {
        "thirdperson_righthand": {
            "rotation": [
                83,
                0,
                0
            ],
            "translation": [
                1,
                -1,
                18
            ]
        },
        "thirdperson_lefthand": {
            "rotation": [
                83,
                0,
                0
            ],
            "translation": [
                1,
                -1,
                18
            ]
        },
        "firstperson_lefthand": {
            "translation": [
                0,
                -32,
                32
            ]
        },
        "firstperson_righthand": {
            "translation": [
                0,
                -32,
                32
            ]
        },
        "ground": {
            "translation": [
                0,
                2,
                0
            ],
            "scale": [
                0.5,
                0.5,
                0.5
            ]
        },
        "gui": {
            "rotation": [
                30,
                135,
                0
            ],
            "translation": [
                -0.5,
                -2.75,
                0
            ],
            "scale": [
                0.47,
                0.47,
                0.47
            ]
        },
        "head": {
            "rotation": [
                -22.5,
                0,
                0
            ],
            "translation": [
                0,
                1.75,
                12
            ],
            "scale": [
                1.14,
                1.14,
                1.14
            ]
        },
        "fixed": {
            "rotation": [
                0,
                -90,
                0
            ],
            "translation": [
                0.75,
                -4,
                0
            ],
            "scale": [
                0.68,
                0.68,
                0.68
            ]
        }
    }
}