{
    "credit": "Made with Blockbench by dragonmaster95",
    "textures": {
        "2": "hotbar_pets:item/husky",
        "particle": "hotbar_pets:item/husky"
    },
    "elements": [
        {
            "from": [
                9.95,
                0,
                -0.875
            ],
            "to": [
                11.95,
                1,
                2.125
            ],
            "rotation": {
                "angle": 0,
                "axis": "y",
                "origin": [
                    7.95,
                    8,
                    7.125
                ]
            },
            "faces": {
                "north": {
                    "uv": [
                        8.25156,
                        6.75156,
                        8.74844,
                        6.99844
                    ],
                    "texture": "#2"
                },
                "east": {
                    "uv": [
                        7.50156,
                        6.75156,
                        8.24844,
                        6.99844
                    ],
                    "texture": "#2"
                },
                "south": {
                    "uv": [
                        9.50156,
                        6.75156,
                        9.99844,
                        6.99844
                    ],
                    "texture": "#2"
                },
                "west": {
                    "uv": [
                        8.75156,
                        6.75156,
                        9.49844,
                        6.99844
                    ],
                    "texture": "#2"
                },
                "up": {
                    "uv": [
                        8.74844,
                        6.74844,
                        8.25156,
                        6.00156
                    ],
                    "texture": "#2"
                },
                "down": {
                    "uv": [
                        9.24844,
                        6.00156,
                        8.75156,
                        6.74844
                    ],
                    "texture": "#2"
                }
            }
        },
        {
            "from": [
                9.95,
                0,
                1.125
            ],
            "to": [
                11.95,
                8,
                3.125
            ],
            "rotation": {
                "angle": 0,
                "axis": "x",
                "origin": [
                    7.95,
                    9,
                    7.125
                ]
            },
            "faces": {
                "north": {
                    "uv": [
                        4.00156,
                        11.75156,
                        4.49844,
                        13.74844
                    ],
                    "texture": "#2"
                },
                "east": {
                    "uv": [
                        3.50156,
                        11.75156,
                        3.99844,
                        13.74844
                    ],
                    "texture": "#2"
                },
                "south": {
                    "uv": [
                        5.00156,
                        11.75156,
                        5.49844,
                        13.74844
                    ],
                    "texture": "#2"
                },
                "west": {
                    "uv": [
                        4.50156,
                        11.75156,
                        4.99844,
                        13.74844
                    ],
                    "texture": "#2"
                },
                "up": {
                    "uv": [
                        4.49844,
                        11.74844,
                        4.00156,
                        11.25156
                    ],
                    "texture": "#2"
                },
                "down": {
                    "uv": [
                        4.99844,
                        11.25156,
                        4.50156,
                        11.74844
                    ],
                    "texture": "#2"
                }
            }
        },
        {
            "from": [
                9.96,
                3.4047,
                2.93674
            ],
            "to": [
                11.94,
                5.3847,
                4.16674
            ],
            "rotation": {
                "angle": -22.5,
                "axis": "x",
                "origin": [
                    7.95,
                    -0.3553,
                    -2.07326
                ]
            },
            "faces": {
                "north": {
                    "uv": [
                        7.75156,
                        1.75156,
                        8.24844,
                        2.24844
                    ],
                    "texture": "#2"
                },
                "east": {
                    "uv": [
                        7.50156,
                        1.75156,
                        7.74844,
                        2.24844
                    ],
                    "texture": "#2"
                },
                "south": {
                    "uv": [
                        8.50156,
                        1.75156,
                        8.99844,
                        2.24844
                    ],
                    "texture": "#2"
                },
                "west": {
                    "uv": [
                        8.25156,
                        1.75156,
                        8.49844,
                        2.24844
                    ],
                    "texture": "#2"
                },
                "up": {
                    "uv": [
                        8.24844,
                        1.74844,
                        7.75156,
                        1.50156
                    ],
                    "texture": "#2"
                },
                "down": {
                    "uv": [
                        8.74844,
                        1.50156,
                        8.25156,
                        1.74844
                    ],
                    "texture": "#2"
                }
            }
        },
        {
            "from": [
                9.96,
                10.00079,
                0.66488
            ],
            "to": [
                11.94,
                16.48079,
                3.64488
            ],
            "rotation": {
                "angle": -22.5,
                "axis": "x",
                "origin": [
                    7.95,
                    7.66345,
                    8.39413
                ]
            },
            "faces": {
                "north": {
                    "uv": [
                        0.75156,
                        5.00156,
                        1.24844,
                        6.49844
                    ],
                    "texture": "#2"
                },
                "east": {
                    "uv": [
                        0.00156,
                        5.00156,
                        0.74844,
                        6.49844
                    ],
                    "texture": "#2"
                },
                "south": {
                    "uv": [
                        2.00156,
                        5.00156,
                        2.49844,
                        6.49844
                    ],
                    "texture": "#2"
                },
                "west": {
                    "uv": [
                        1.25156,
                        5.00156,
                        1.99844,
                        6.49844
                    ],
                    "texture": "#2"
                },
                "up": {
                    "uv": [
                        1.24844,
                        4.99844,
                        0.75156,
                        4.25156
                    ],
                    "texture": "#2"
                },
                "down": {
                    "uv": [
                        1.74844,
                        4.25156,
                        1.25156,
                        4.99844
                    ],
                    "texture": "#2"
                }
            }
        },
        {
            "from": [
                9.95,
                8,
                0.625
            ],
            "to": [
                11.95,
                14,
                3.125
            ],
            "rotation": {
                "angle": 0,
                "axis": "x",
                "origin": [
                    7.95,
                    5.67266,
                    7.86425
                ]
            },
            "faces": {
                "north": {
                    "uv": [
                        0.50156,
                        0.50156,
                        0.99844,
                        1.99844
                    ],
                    "texture": "#2"
                },
                "east": {
                    "uv": [
                        0.00156,
                        0.50156,
                        0.49844,
                        1.99844
                    ],
                    "texture": "#2"
                },
                "south": {
                    "uv": [
                        1.50156,
                        0.50156,
                        1.99844,
                        1.99844
                    ],
                    "texture": "#2"
                },
                "west": {
                    "uv": [
                        1.00156,
                        0.50156,
                        1.49844,
                        1.99844
                    ],
                    "texture": "#2"
                },
                "up": {
                    "uv": [
                        0.99844,
                        0.49844,
                        0.50156,
                        0.00156
                    ],
                    "texture": "#2"
                },
                "down": {
                    "uv": [
                        1.49844,
                        0.00156,
                        1.00156,
                        0.49844
                    ],
                    "texture": "#2"
                }
            }
        },
        {
            "from": [
                9.975,
                0,
                12.95
            ],
            "to": [
                11.975,
                1,
                15.95
            ],
            "rotation": {
                "angle": 0,
                "axis": "y",
                "origin": [
                    7.975,
                    8,
                    9.95
                ]
            },
            "faces": {
                "north": {
                    "uv": [
                        13.25156,
                        4.75156,
                        13.74844,
                        4.99844
                    ],
                    "texture": "#2"
                },
                "east": {
                    "uv": [
                        12.50156,
                        4.75156,
                        13.24844,
                        4.99844
                    ],
                    "texture": "#2"
                },
                "south": {
                    "uv": [
                        14.50156,
                        4.75156,
                        14.99844,
                        4.99844
                    ],
                    "texture": "#2"
                },
                "west": {
                    "uv": [
                        13.75156,
                        4.75156,
                        14.49844,
                        4.99844
                    ],
                    "texture": "#2"
                },
                "up": {
                    "uv": [
                        13.74844,
                        4.74844,
                        13.25156,
                        4.00156
                    ],
                    "texture": "#2"
                },
                "down": {
                    "uv": [
                        14.24844,
                        4.00156,
                        13.75156,
                        4.74844
                    ],
                    "texture": "#2"
                }
            }
        },
        {
            "from": [
                9.975,
                1,
                14.45
            ],
            "to": [
                11.975,
                5,
                15.95
            ],
            "rotation": {
                "angle": 0,
                "axis": "y",
                "origin": [
                    7.975,
                    8,
                    8.95
                ]
            },
            "faces": {
                "north": {
                    "uv": [
                        13.00156,
                        8.00156,
                        13.49844,
                        8.99844
                    ],
                    "texture": "#2"
                },
                "east": {
                    "uv": [
                        12.75156,
                        8.00156,
                        12.99844,
                        8.99844
                    ],
                    "texture": "#2"
                },
                "south": {
                    "uv": [
                        13.75156,
                        8.00156,
                        14.24844,
                        8.99844
                    ],
                    "texture": "#2"
                },
                "west": {
                    "uv": [
                        13.50156,
                        8.00156,
                        13.74844,
                        8.99844
                    ],
                    "texture": "#2"
                },
                "up": {
                    "uv": [
                        13.49844,
                        7.99844,
                        13.00156,
                        7.75156
                    ],
                    "texture": "#2"
                },
                "down": {
                    "uv": [
                        13.99844,
                        7.75156,
                        13.50156,
                        7.99844
                    ],
                    "texture": "#2"
                }
            }
        },
        {
            "from": [
                9.985,
                -2.19711,
                11.56051
            ],
            "to": [
                11.965,
                2.78289,
                13.54051
            ],
            "rotation": {
                "angle": -45,
                "axis": "x",
                "origin": [
                    7.975,
                    4.29289,
                    6.05051
                ]
            },
            "faces": {
                "north": {
                    "uv": [
                        0.50156,
                        13.00156,
                        0.99844,
                        14.24844
                    ],
                    "texture": "#2"
                },
                "east": {
                    "uv": [
                        0.00156,
                        13.00156,
                        0.49844,
                        14.24844
                    ],
                    "texture": "#2"
                },
                "south": {
                    "uv": [
                        1.50156,
                        13.00156,
                        1.99844,
                        14.24844
                    ],
                    "texture": "#2"
                },
                "west": {
                    "uv": [
                        1.00156,
                        13.00156,
                        1.49844,
                        14.24844
                    ],
                    "texture": "#2"
                },
                "up": {
                    "uv": [
                        0.99844,
                        12.99844,
                        0.50156,
                        12.50156
                    ],
                    "texture": "#2"
                },
                "down": {
                    "uv": [
                        1.49844,
                        12.50156,
                        1.00156,
                        12.99844
                    ],
                    "texture": "#2"
                }
            }
        },
        {
            "from": [
                9.975,
                7.12132,
                11.00025
            ],
            "to": [
                11.975,
                14.12132,
                16.00025
            ],
            "rotation": {
                "angle": 0,
                "axis": "x",
                "origin": [
                    7.975,
                    4.12132,
                    7.00025
                ]
            },
            "faces": {
                "north": {
                    "uv": [
                        1.25156,
                        9.50156,
                        1.74844,
                        11.24844
                    ],
                    "texture": "#2"
                },
                "east": {
                    "uv": [
                        0.00156,
                        9.50156,
                        1.24844,
                        11.24844
                    ],
                    "texture": "#2"
                },
                "south": {
                    "uv": [
                        3.00156,
                        9.50156,
                        3.49844,
                        11.24844
                    ],
                    "texture": "#2"
                },
                "west": {
                    "uv": [
                        1.75156,
                        9.50156,
                        2.99844,
                        11.24844
                    ],
                    "texture": "#2"
                },
                "up": {
                    "uv": [
                        1.74844,
                        9.49844,
                        1.25156,
                        8.25156
                    ],
                    "texture": "#2"
                },
                "down": {
                    "uv": [
                        2.24844,
                        8.25156,
                        1.75156,
                        9.49844
                    ],
                    "texture": "#2"
                }
            }
        },
        {
            "from": [
                9.995,
                5.91632,
                13.02025
            ],
            "to": [
                11.955,
                8.87632,
                14.98025
            ],
            "rotation": {
                "angle": 0,
                "axis": "x",
                "origin": [
                    7.975,
                    4.12132,
                    8.00025
                ]
            },
            "faces": {
                "north": {
                    "uv": [
                        2.75156,
                        8.75156,
                        3.24844,
                        9.49844
                    ],
                    "texture": "#2"
                },
                "east": {
                    "uv": [
                        2.25156,
                        8.75156,
                        2.74844,
                        9.49844
                    ],
                    "texture": "#2"
                },
                "south": {
                    "uv": [
                        3.75156,
                        8.75156,
                        4.24844,
                        9.49844
                    ],
                    "texture": "#2"
                },
                "west": {
                    "uv": [
                        3.25156,
                        8.75156,
                        3.74844,
                        9.49844
                    ],
                    "texture": "#2"
                },
                "up": {
                    "uv": [
                        3.24844,
                        8.74844,
                        2.75156,
                        8.25156
                    ],
                    "texture": "#2"
                },
                "down": {
                    "uv": [
                        3.74844,
                        8.25156,
                        3.25156,
                        8.74844
                    ],
                    "texture": "#2"
                }
            }
        },
        {
            "name": "cube4",
            "from": [
                5,
                15.75,
                -5
            ],
            "to": [
                11,
                21.75,
                0
            ],
            "rotation": {
                "angle": 0,
                "axis": "x",
                "origin": [
                    8.5,
                    13,
                    7
                ]
            },
            "faces": {
                "north": {
                    "uv": [
                        7.50156,
                        8.25156,
                        8.99844,
                        9.74844
                    ],
                    "texture": "#2"
                },
                "east": {
                    "uv": [
                        6.25156,
                        8.25156,
                        7.49844,
                        9.74844
                    ],
                    "texture": "#2"
                },
                "south": {
                    "uv": [
                        10.25156,
                        8.25156,
                        11.74844,
                        9.74844
                    ],
                    "texture": "#2"
                },
                "west": {
                    "uv": [
                        9.00156,
                        8.25156,
                        10.24844,
                        9.74844
                    ],
                    "texture": "#2"
                },
                "up": {
                    "uv": [
                        8.99844,
                        8.24844,
                        7.50156,
                        7.00156
                    ],
                    "texture": "#2"
                },
                "down": {
                    "uv": [
                        10.49844,
                        7.00156,
                        9.00156,
                        8.24844
                    ],
                    "texture": "#2"
                }
            }
        },
        {
            "name": "cube5",
            "from": [
                9.25,
                19.25,
                -2.5
            ],
            "to": [
                11.75,
                24.25,
                -1.5
            ],
            "rotation": {
                "angle": -22.5,
                "axis": "z",
                "origin": [
                    10.75,
                    22.75,
                    -2
                ]
            },
            "faces": {
                "north": {
                    "uv": [
                        2.25156,
                        12.75156,
                        2.74844,
                        13.99844
                    ],
                    "texture": "#2"
                },
                "east": {
                    "uv": [
                        2.00156,
                        12.75156,
                        2.24844,
                        13.99844
                    ],
                    "texture": "#2"
                },
                "south": {
                    "uv": [
                        3.00156,
                        12.75156,
                        3.49844,
                        13.99844
                    ],
                    "texture": "#2"
                },
                "west": {
                    "uv": [
                        2.75156,
                        12.75156,
                        2.99844,
                        13.99844
                    ],
                    "texture": "#2"
                },
                "up": {
                    "uv": [
                        2.74844,
                        12.74844,
                        2.25156,
                        12.50156
                    ],
                    "texture": "#2"
                },
                "down": {
                    "uv": [
                        3.24844,
                        12.50156,
                        2.75156,
                        12.74844
                    ],
                    "texture": "#2"
                }
            }
        },
        {
            "name": "cube6",
            "from": [
                4.25,
                19.25,
                -2.5
            ],
            "to": [
                6.75,
                24.25,
                -1.5
            ],
            "shade": false,
            "rotation": {
                "angle": 22.5,
                "axis": "z",
                "origin": [
                    5.25,
                    22.75,
                    -2
                ]
            },
            "faces": {
                "north": {
                    "uv": [
                        2.74844,
                        12.75156,
                        2.25156,
                        13.99844
                    ],
                    "texture": "#2"
                },
                "east": {
                    "uv": [
                        2.99844,
                        12.75156,
                        2.75156,
                        13.99844
                    ],
                    "texture": "#2"
                },
                "south": {
                    "uv": [
                        3.49844,
                        12.75156,
                        3.00156,
                        13.99844
                    ],
                    "texture": "#2"
                },
                "west": {
                    "uv": [
                        2.24844,
                        12.75156,
                        2.00156,
                        13.99844
                    ],
                    "texture": "#2"
                },
                "up": {
                    "uv": [
                        2.25156,
                        12.74844,
                        2.74844,
                        12.50156
                    ],
                    "texture": "#2"
                },
                "down": {
                    "uv": [
                        2.75156,
                        12.50156,
                        3.24844,
                        12.74844
                    ],
                    "texture": "#2"
                }
            }
        },
        {
            "name": "cube5",
            "from": [
                6,
                14.02165,
                -1.66165
            ],
            "to": [
                10,
                20.02165,
                1.33835
            ],
            "rotation": {
                "angle": -22.5,
                "axis": "x",
                "origin": [
                    8,
                    17.02165,
                    -1.16165
                ]
            },
            "faces": {
                "north": {
                    "uv": [
                        7.75156,
                        10.50156,
                        8.74844,
                        11.99844
                    ],
                    "texture": "#2"
                },
                "east": {
                    "uv": [
                        7.00156,
                        10.50156,
                        7.74844,
                        11.99844
                    ],
                    "texture": "#2"
                },
                "south": {
                    "uv": [
                        9.50156,
                        10.50156,
                        10.49844,
                        11.99844
                    ],
                    "texture": "#2"
                },
                "west": {
                    "uv": [
                        8.75156,
                        10.50156,
                        9.49844,
                        11.99844
                    ],
                    "texture": "#2"
                },
                "up": {
                    "uv": [
                        8.74844,
                        10.49844,
                        7.75156,
                        9.75156
                    ],
                    "texture": "#2"
                },
                "down": {
                    "uv": [
                        9.74844,
                        9.75156,
                        8.75156,
                        10.49844
                    ],
                    "texture": "#2"
                }
            }
        },
        {
            "name": "cube6",
            "from": [
                6,
                10.93507,
                -3.04225
            ],
            "to": [
                10,
                16.93507,
                -0.04225
            ],
            "rotation": {
                "angle": -22.5,
                "axis": "x",
                "origin": [
                    8,
                    13.93507,
                    -0.54225
                ]
            },
            "faces": {
                "north": {
                    "uv": [
                        4.25156,
                        9.75156,
                        5.24844,
                        11.24844
                    ],
                    "texture": "#2"
                },
                "east": {
                    "uv": [
                        3.50156,
                        9.75156,
                        4.24844,
                        11.24844
                    ],
                    "texture": "#2"
                },
                "south": {
                    "uv": [
                        6.00156,
                        9.75156,
                        6.99844,
                        11.24844
                    ],
                    "texture": "#2"
                },
                "west": {
                    "uv": [
                        5.25156,
                        9.75156,
                        5.99844,
                        11.24844
                    ],
                    "texture": "#2"
                },
                "up": {
                    "uv": [
                        5.24844,
                        9.74844,
                        4.25156,
                        9.00156
                    ],
                    "texture": "#2"
                },
                "down": {
                    "uv": [
                        6.24844,
                        9.00156,
                        5.25156,
                        9.74844
                    ],
                    "texture": "#2"
                }
            }
        },
        {
            "name": "cube5",
            "from": [
                4.5,
                16.75,
                -4
            ],
            "to": [
                11.5,
                19.75,
                -1
            ],
            "rotation": {
                "angle": 0,
                "axis": "y",
                "origin": [
                    9,
                    17.75,
                    0
                ]
            },
            "faces": {
                "north": {
                    "uv": [
                        6.25156,
                        0.75156,
                        7.99844,
                        1.49844
                    ],
                    "texture": "#2"
                },
                "east": {
                    "uv": [
                        5.50156,
                        0.75156,
                        6.24844,
                        1.49844
                    ],
                    "texture": "#2"
                },
                "south": {
                    "uv": [
                        8.75156,
                        0.75156,
                        10.49844,
                        1.49844
                    ],
                    "texture": "#2"
                },
                "west": {
                    "uv": [
                        8.00156,
                        0.75156,
                        8.74844,
                        1.49844
                    ],
                    "texture": "#2"
                },
                "up": {
                    "uv": [
                        7.99844,
                        0.74844,
                        6.25156,
                        0.00156
                    ],
                    "texture": "#2"
                },
                "down": {
                    "uv": [
                        9.74844,
                        0.00156,
                        8.00156,
                        0.74844
                    ],
                    "texture": "#2"
                }
            }
        },
        {
            "name": "cube7",
            "from": [
                7,
                18.75,
                -8
            ],
            "to": [
                9,
                19.75,
                -3
            ],
            "rotation": {
                "angle": 0,
                "axis": "y",
                "origin": [
                    8.5,
                    12,
                    7
                ]
            },
            "faces": {
                "north": {
                    "uv": [
                        11.75156,
                        9.75156,
                        12.24844,
                        9.99844
                    ],
                    "texture": "#2"
                },
                "east": {
                    "uv": [
                        10.50156,
                        9.75156,
                        11.74844,
                        9.99844
                    ],
                    "texture": "#2"
                },
                "south": {
                    "uv": [
                        13.50156,
                        9.75156,
                        13.99844,
                        9.99844
                    ],
                    "texture": "#2"
                },
                "west": {
                    "uv": [
                        12.25156,
                        9.75156,
                        13.49844,
                        9.99844
                    ],
                    "texture": "#2"
                },
                "up": {
                    "uv": [
                        12.24844,
                        9.74844,
                        11.75156,
                        8.50156
                    ],
                    "texture": "#2"
                },
                "down": {
                    "uv": [
                        12.74844,
                        8.50156,
                        12.25156,
                        9.74844
                    ],
                    "texture": "#2"
                }
            }
        },
        {
            "name": "cube7",
            "from": [
                7.25,
                19,
                -8.25
            ],
            "to": [
                8.75,
                19.5,
                -7.75
            ],
            "rotation": {
                "angle": 0,
                "axis": "y",
                "origin": [
                    8.5,
                    12.25,
                    8.75
                ]
            },
            "faces": {
                "north": {
                    "uv": [
                        5.75156,
                        1.75156,
                        6.24844,
                        1.99844
                    ],
                    "texture": "#2"
                },
                "east": {
                    "uv": [
                        5.50156,
                        1.75156,
                        5.74844,
                        1.99844
                    ],
                    "texture": "#2"
                },
                "south": {
                    "uv": [
                        6.50156,
                        1.75156,
                        6.99844,
                        1.99844
                    ],
                    "texture": "#2"
                },
                "west": {
                    "uv": [
                        6.25156,
                        1.75156,
                        6.49844,
                        1.99844
                    ],
                    "texture": "#2"
                },
                "up": {
                    "uv": [
                        6.24844,
                        1.74844,
                        5.75156,
                        1.50156
                    ],
                    "texture": "#2"
                },
                "down": {
                    "uv": [
                        6.74844,
                        1.50156,
                        6.25156,
                        1.74844
                    ],
                    "texture": "#2"
                }
            }
        },
        {
            "name": "cube5",
            "from": [
                6.5,
                17.25,
                -7.5
            ],
            "to": [
                9.5,
                18.25,
                -2.5
            ],
            "rotation": {
                "angle": -22.5,
                "axis": "x",
                "origin": [
                    9,
                    16.5,
                    -3.25
                ]
            },
            "faces": {
                "north": {
                    "uv": [
                        10.50156,
                        1.50156,
                        11.24844,
                        1.74844
                    ],
                    "texture": "#2"
                },
                "east": {
                    "uv": [
                        9.25156,
                        1.50156,
                        10.49844,
                        1.74844
                    ],
                    "texture": "#2"
                },
                "south": {
                    "uv": [
                        12.50156,
                        1.50156,
                        13.24844,
                        1.74844
                    ],
                    "texture": "#2"
                },
                "west": {
                    "uv": [
                        11.25156,
                        1.50156,
                        12.49844,
                        1.74844
                    ],
                    "texture": "#2"
                },
                "up": {
                    "uv": [
                        11.24844,
                        1.49844,
                        10.50156,
                        0.25156
                    ],
                    "texture": "#2"
                },
                "down": {
                    "uv": [
                        11.99844,
                        0.25156,
                        11.25156,
                        1.49844
                    ],
                    "texture": "#2"
                }
            }
        },
        {
            "name": "cube6",
            "from": [
                6.8,
                17.55,
                -7.45
            ],
            "to": [
                9.2,
                17.95,
                -4.05
            ],
            "rotation": {
                "angle": -22.5,
                "axis": "x",
                "origin": [
                    9,
                    16.5,
                    -4.5
                ]
            },
            "faces": {
                "north": {
                    "uv": [
                        1.00156,
                        12.25156,
                        1.74844,
                        12.49844
                    ],
                    "texture": "#2"
                },
                "east": {
                    "uv": [
                        0.00156,
                        12.25156,
                        0.99844,
                        12.49844
                    ],
                    "texture": "#2"
                },
                "south": {
                    "uv": [
                        2.75156,
                        12.25156,
                        3.49844,
                        12.49844
                    ],
                    "texture": "#2"
                },
                "west": {
                    "uv": [
                        1.75156,
                        12.25156,
                        2.74844,
                        12.49844
                    ],
                    "texture": "#2"
                },
                "up": {
                    "uv": [
                        1.74844,
                        12.24844,
                        1.00156,
                        11.25156
                    ],
                    "texture": "#2"
                },
                "down": {
                    "uv": [
                        2.49844,
                        11.25156,
                        1.75156,
                        12.24844
                    ],
                    "texture": "#2"
                }
            }
        },
        {
            "name": "cube7",
            "from": [
                6.8,
                16.41721,
                -8.02323
            ],
            "to": [
                9.2,
                16.81721,
                -6.62323
            ],
            "rotation": {
                "angle": -45,
                "axis": "x",
                "origin": [
                    9,
                    15.36721,
                    -7.07323
                ]
            },
            "faces": {
                "north": {
                    "uv": [
                        5.50156,
                        6.50156,
                        6.24844,
                        6.74844
                    ],
                    "texture": "#2"
                },
                "east": {
                    "uv": [
                        5.00156,
                        6.50156,
                        5.49844,
                        6.74844
                    ],
                    "texture": "#2"
                },
                "south": {
                    "uv": [
                        6.75156,
                        6.50156,
                        7.49844,
                        6.74844
                    ],
                    "texture": "#2"
                },
                "west": {
                    "uv": [
                        6.25156,
                        6.50156,
                        6.74844,
                        6.74844
                    ],
                    "texture": "#2"
                },
                "up": {
                    "uv": [
                        6.24844,
                        6.49844,
                        5.50156,
                        6.00156
                    ],
                    "texture": "#2"
                },
                "down": {
                    "uv": [
                        6.99844,
                        6.00156,
                        6.25156,
                        6.49844
                    ],
                    "texture": "#2"
                }
            }
        },
        {
            "name": "cube8",
            "from": [
                7.3,
                14.80012,
                -9.05287
            ],
            "to": [
                8.7,
                15.20012,
                -8.65287
            ],
            "rotation": {
                "angle": 22.5,
                "axis": "x",
                "origin": [
                    9.5,
                    14.75012,
                    -7.60287
                ]
            },
            "faces": {
                "north": {
                    "uv": [
                        9.25156,
                        2.00156,
                        9.74844,
                        2.24844
                    ],
                    "texture": "#2"
                },
                "east": {
                    "uv": [
                        9.00156,
                        2.00156,
                        9.24844,
                        2.24844
                    ],
                    "texture": "#2"
                },
                "south": {
                    "uv": [
                        10.00156,
                        2.00156,
                        10.49844,
                        2.24844
                    ],
                    "texture": "#2"
                },
                "west": {
                    "uv": [
                        9.75156,
                        2.00156,
                        9.99844,
                        2.24844
                    ],
                    "texture": "#2"
                },
                "up": {
                    "uv": [
                        9.74844,
                        1.99844,
                        9.25156,
                        1.75156
                    ],
                    "texture": "#2"
                },
                "down": {
                    "uv": [
                        10.24844,
                        1.75156,
                        9.75156,
                        1.99844
                    ],
                    "texture": "#2"
                }
            }
        },
        {
            "name": "cube6",
            "from": [
                6.5,
                17.75,
                -8
            ],
            "to": [
                9.5,
                18.75,
                -3
            ],
            "rotation": {
                "angle": 0,
                "axis": "y",
                "origin": [
                    9,
                    12,
                    7
                ]
            },
            "faces": {
                "north": {
                    "uv": [
                        11.75156,
                        11.75156,
                        12.49844,
                        11.99844
                    ],
                    "texture": "#2"
                },
                "east": {
                    "uv": [
                        10.50156,
                        11.75156,
                        11.74844,
                        11.99844
                    ],
                    "texture": "#2"
                },
                "south": {
                    "uv": [
                        13.75156,
                        11.75156,
                        14.49844,
                        11.99844
                    ],
                    "texture": "#2"
                },
                "west": {
                    "uv": [
                        12.50156,
                        11.75156,
                        13.74844,
                        11.99844
                    ],
                    "texture": "#2"
                },
                "up": {
                    "uv": [
                        12.49844,
                        11.74844,
                        11.75156,
                        10.50156
                    ],
                    "texture": "#2"
                },
                "down": {
                    "uv": [
                        13.24844,
                        10.50156,
                        12.50156,
                        11.74844
                    ],
                    "texture": "#2"
                }
            }
        },
        {
            "name": "cube8",
            "from": [
                7.75,
                18.5,
                -8.25
            ],
            "to": [
                8.25,
                19,
                -7.75
            ],
            "rotation": {
                "angle": 0,
                "axis": "y",
                "origin": [
                    8.5,
                    12.25,
                    8.75
                ]
            },
            "faces": {
                "north": {
                    "uv": [
                        7.25156,
                        6.25156,
                        7.49844,
                        6.49844
                    ],
                    "texture": "#2"
                },
                "east": {
                    "uv": [
                        7.00156,
                        6.25156,
                        7.24844,
                        6.49844
                    ],
                    "texture": "#2"
                },
                "south": {
                    "uv": [
                        7.75156,
                        6.25156,
                        7.99844,
                        6.49844
                    ],
                    "texture": "#2"
                },
                "west": {
                    "uv": [
                        7.50156,
                        6.25156,
                        7.74844,
                        6.49844
                    ],
                    "texture": "#2"
                },
                "up": {
                    "uv": [
                        7.49844,
                        6.24844,
                        7.25156,
                        6.00156
                    ],
                    "texture": "#2"
                },
                "down": {
                    "uv": [
                        7.74844,
                        6.00156,
                        7.50156,
                        6.24844
                    ],
                    "texture": "#2"
                }
            }
        },
        {
            "name": "cube3",
            "from": [
                5.5,
                9.75,
                -3
            ],
            "to": [
                10.5,
                15.75,
                7
            ],
            "faces": {
                "north": {
                    "uv": [
                        2.50156,
                        6.75156,
                        3.74844,
                        8.24844
                    ],
                    "texture": "#2"
                },
                "east": {
                    "uv": [
                        0.00156,
                        6.75156,
                        2.49844,
                        8.24844
                    ],
                    "texture": "#2"
                },
                "south": {
                    "uv": [
                        6.25156,
                        6.75156,
                        7.49844,
                        8.24844
                    ],
                    "texture": "#2"
                },
                "west": {
                    "uv": [
                        3.75156,
                        6.75156,
                        6.24844,
                        8.24844
                    ],
                    "texture": "#2"
                },
                "up": {
                    "uv": [
                        3.74844,
                        6.74844,
                        2.50156,
                        4.25156
                    ],
                    "texture": "#2"
                },
                "down": {
                    "uv": [
                        4.99844,
                        4.25156,
                        3.75156,
                        6.74844
                    ],
                    "texture": "#2"
                }
            }
        },
        {
            "name": "cube4",
            "from": [
                4.5,
                7.75,
                -1
            ],
            "to": [
                11.5,
                16.75,
                7
            ],
            "faces": {
                "north": {
                    "uv": [
                        2.00156,
                        2.00156,
                        3.74844,
                        4.24844
                    ],
                    "texture": "#2"
                },
                "east": {
                    "uv": [
                        0.00156,
                        2.00156,
                        1.99844,
                        4.24844
                    ],
                    "texture": "#2"
                },
                "south": {
                    "uv": [
                        5.75156,
                        2.00156,
                        7.49844,
                        4.24844
                    ],
                    "texture": "#2"
                },
                "west": {
                    "uv": [
                        3.75156,
                        2.00156,
                        5.74844,
                        4.24844
                    ],
                    "texture": "#2"
                },
                "up": {
                    "uv": [
                        3.74844,
                        1.99844,
                        2.00156,
                        0.00156
                    ],
                    "texture": "#2"
                },
                "down": {
                    "uv": [
                        5.49844,
                        0.00156,
                        3.75156,
                        1.99844
                    ],
                    "texture": "#2"
                }
            }
        },
        {
            "name": "cube4",
            "from": [
                5,
                9.5,
                7
            ],
            "to": [
                11,
                16.5,
                15
            ],
            "faces": {
                "north": {
                    "uv": [
                        7.50156,
                        4.25156,
                        8.99844,
                        5.99844
                    ],
                    "texture": "#2"
                },
                "east": {
                    "uv": [
                        5.50156,
                        4.25156,
                        7.49844,
                        5.99844
                    ],
                    "texture": "#2"
                },
                "south": {
                    "uv": [
                        11.00156,
                        4.25156,
                        12.49844,
                        5.99844
                    ],
                    "texture": "#2"
                },
                "west": {
                    "uv": [
                        9.00156,
                        4.25156,
                        10.99844,
                        5.99844
                    ],
                    "texture": "#2"
                },
                "up": {
                    "uv": [
                        8.99844,
                        4.24844,
                        7.50156,
                        2.25156
                    ],
                    "texture": "#2"
                },
                "down": {
                    "uv": [
                        10.49844,
                        2.25156,
                        9.00156,
                        4.24844
                    ],
                    "texture": "#2"
                }
            }
        },
        {
            "name": "cube7",
            "from": [
                6.5,
                13.92787,
                14.07085
            ],
            "to": [
                9.5,
                15.92787,
                18.07085
            ],
            "rotation": {
                "angle": 0,
                "axis": "x",
                "origin": [
                    8,
                    13.43692,
                    19.64774
                ]
            },
            "faces": {
                "north": {
                    "uv": [
                        11.75156,
                        12.75156,
                        12.49844,
                        13.24844
                    ],
                    "texture": "#2"
                },
                "east": {
                    "uv": [
                        11.00156,
                        12.75156,
                        11.74844,
                        13.24844
                    ],
                    "texture": "#2"
                },
                "south": {
                    "uv": [
                        13.25156,
                        12.75156,
                        13.99844,
                        13.24844
                    ],
                    "texture": "#2"
                },
                "west": {
                    "uv": [
                        12.50156,
                        12.75156,
                        13.24844,
                        13.24844
                    ],
                    "texture": "#2"
                },
                "up": {
                    "uv": [
                        12.49844,
                        12.74844,
                        11.75156,
                        12.00156
                    ],
                    "texture": "#2"
                },
                "down": {
                    "uv": [
                        13.24844,
                        12.00156,
                        12.50156,
                        12.74844
                    ],
                    "texture": "#2"
                }
            }
        },
        {
            "name": "cube8",
            "from": [
                6.51,
                14.82411,
                17.77637
            ],
            "to": [
                9.49,
                16.80411,
                20.75637
            ],
            "rotation": {
                "angle": -22.5,
                "axis": "x",
                "origin": [
                    8.01,
                    15.11622,
                    20.17647
                ]
            },
            "faces": {
                "north": {
                    "uv": [
                        13.24844,
                        0.49844,
                        12.50156,
                        0.00156
                    ],
                    "rotation": 180,
                    "texture": "#2"
                },
                "east": {
                    "uv": [
                        12.00156,
                        0.50156,
                        12.49844,
                        1.24844
                    ],
                    "rotation": 90,
                    "texture": "#2"
                },
                "south": {
                    "uv": [
                        13.99844,
                        0.00156,
                        13.25156,
                        0.49844
                    ],
                    "texture": "#2"
                },
                "west": {
                    "uv": [
                        13.25156,
                        0.50156,
                        13.74844,
                        1.24844
                    ],
                    "rotation": 270,
                    "texture": "#2"
                },
                "up": {
                    "uv": [
                        13.75156,
                        0.50156,
                        14.49844,
                        1.24844
                    ],
                    "texture": "#2"
                },
                "down": {
                    "uv": [
                        12.50156,
                        0.50156,
                        13.24844,
                        1.24844
                    ],
                    "rotation": 180,
                    "texture": "#2"
                }
            }
        },
        {
            "name": "cube9",
            "from": [
                7.001,
                14.53108,
                17.94218
            ],
            "to": [
                8.999,
                17.27908,
                20.69018
            ],
            "rotation": {
                "angle": -22.5,
                "axis": "x",
                "origin": [
                    8.001,
                    15.15988,
                    20.46755
                ]
            },
            "faces": {
                "north": {
                    "uv": [
                        6.99844,
                        12.74844,
                        6.25156,
                        12.00156
                    ],
                    "rotation": 180,
                    "texture": "#2"
                },
                "east": {
                    "uv": [
                        5.50156,
                        12.75156,
                        6.24844,
                        13.49844
                    ],
                    "rotation": 90,
                    "texture": "#2"
                },
                "south": {
                    "uv": [
                        7.74844,
                        12.00156,
                        7.00156,
                        12.74844
                    ],
                    "texture": "#2"
                },
                "west": {
                    "uv": [
                        7.00156,
                        12.75156,
                        7.74844,
                        13.49844
                    ],
                    "rotation": 270,
                    "texture": "#2"
                },
                "up": {
                    "uv": [
                        7.75156,
                        12.75156,
                        8.49844,
                        13.49844
                    ],
                    "texture": "#2"
                },
                "down": {
                    "uv": [
                        6.25156,
                        12.75156,
                        6.99844,
                        13.49844
                    ],
                    "rotation": 180,
                    "texture": "#2"
                }
            }
        },
        {
            "name": "cube10",
            "from": [
                7,
                13.61253,
                14.62504
            ],
            "to": [
                9,
                16.36253,
                18.37504
            ],
            "rotation": {
                "angle": 0,
                "axis": "x",
                "origin": [
                    8,
                    13.43692,
                    19.89774
                ]
            },
            "faces": {
                "north": {
                    "uv": [
                        11.50156,
                        7.00156,
                        12.24844,
                        7.74844
                    ],
                    "texture": "#2"
                },
                "east": {
                    "uv": [
                        10.50156,
                        7.00156,
                        11.49844,
                        7.74844
                    ],
                    "texture": "#2"
                },
                "south": {
                    "uv": [
                        13.25156,
                        7.00156,
                        13.99844,
                        7.74844
                    ],
                    "texture": "#2"
                },
                "west": {
                    "uv": [
                        12.25156,
                        7.00156,
                        13.24844,
                        7.74844
                    ],
                    "texture": "#2"
                },
                "up": {
                    "uv": [
                        12.24844,
                        6.99844,
                        11.50156,
                        6.00156
                    ],
                    "texture": "#2"
                },
                "down": {
                    "uv": [
                        12.99844,
                        6.00156,
                        12.25156,
                        7.12344
                    ],
                    "texture": "#2"
                }
            }
        },
        {
            "name": "cube9",
            "from": [
                7,
                20.33216,
                19.35335
            ],
            "to": [
                9,
                21.33216,
                21.35335
            ],
            "rotation": {
                "angle": 45,
                "axis": "x",
                "origin": [
                    8,
                    15.93692,
                    20.64774
                ]
            },
            "faces": {
                "north": {
                    "uv": [
                        4.75156,
                        8.50156,
                        5.24844,
                        8.74844
                    ],
                    "rotation": 180,
                    "texture": "#2"
                },
                "east": {
                    "uv": [
                        3.75156,
                        8.50156,
                        3.99844,
                        8.74844
                    ],
                    "rotation": 180,
                    "texture": "#2"
                },
                "south": {
                    "uv": [
                        4.00156,
                        8.50156,
                        4.49844,
                        8.74844
                    ],
                    "rotation": 180,
                    "texture": "#2"
                },
                "west": {
                    "uv": [
                        4.50156,
                        8.50156,
                        4.74844,
                        8.74844
                    ],
                    "rotation": 180,
                    "texture": "#2"
                },
                "up": {
                    "uv": [
                        4.99844,
                        8.25156,
                        4.50156,
                        8.49844
                    ],
                    "texture": "#2"
                },
                "down": {
                    "uv": [
                        4.49844,
                        8.49844,
                        4.00156,
                        8.25156
                    ],
                    "texture": "#2"
                }
            }
        },
        {
            "name": "cube10",
            "from": [
                6.5,
                15.18595,
                18.94816
            ],
            "to": [
                9.5,
                20.18595,
                20.94816
            ],
            "rotation": {
                "angle": 45,
                "axis": "x",
                "origin": [
                    8,
                    15.29071,
                    20.74255
                ]
            },
            "faces": {
                "north": {
                    "uv": [
                        10.25156,
                        12.50156,
                        10.99844,
                        13.74844
                    ],
                    "rotation": 180,
                    "texture": "#2"
                },
                "east": {
                    "uv": [
                        8.50156,
                        12.50156,
                        8.99844,
                        13.74844
                    ],
                    "rotation": 180,
                    "texture": "#2"
                },
                "south": {
                    "uv": [
                        9.00156,
                        12.50156,
                        9.74844,
                        13.74844
                    ],
                    "rotation": 180,
                    "texture": "#2"
                },
                "west": {
                    "uv": [
                        9.75156,
                        12.50156,
                        10.24844,
                        13.74844
                    ],
                    "rotation": 180,
                    "texture": "#2"
                },
                "up": {
                    "uv": [
                        10.49844,
                        12.00156,
                        9.75156,
                        12.49844
                    ],
                    "texture": "#2"
                },
                "down": {
                    "uv": [
                        9.74844,
                        12.49844,
                        9.00156,
                        12.00156
                    ],
                    "texture": "#2"
                }
            }
        },
        {
            "name": "cube11",
            "from": [
                7,
                14.8851,
                20.23779
            ],
            "to": [
                9,
                17.6351,
                25.48779
            ],
            "rotation": {
                "angle": -45,
                "axis": "x",
                "origin": [
                    8,
                    15.59071,
                    20.84255
                ]
            },
            "faces": {
                "north": {
                    "uv": [
                        11.99844,
                        2.49844,
                        11.25156,
                        1.75156
                    ],
                    "rotation": 180,
                    "texture": "#2"
                },
                "east": {
                    "uv": [
                        10.50156,
                        2.50156,
                        11.24844,
                        3.99844
                    ],
                    "rotation": 90,
                    "texture": "#2"
                },
                "south": {
                    "uv": [
                        12.74844,
                        1.75156,
                        12.00156,
                        2.49844
                    ],
                    "texture": "#2"
                },
                "west": {
                    "uv": [
                        12.00156,
                        2.50156,
                        12.74844,
                        3.99844
                    ],
                    "rotation": 270,
                    "texture": "#2"
                },
                "up": {
                    "uv": [
                        12.75156,
                        2.50156,
                        13.49844,
                        3.99844
                    ],
                    "texture": "#2"
                },
                "down": {
                    "uv": [
                        11.25156,
                        2.50156,
                        11.99844,
                        3.99844
                    ],
                    "rotation": 180,
                    "texture": "#2"
                }
            }
        },
        {
            "from": [
                4.05,
                0,
                -0.875
            ],
            "to": [
                6.05,
                1,
                2.125
            ],
            "shade": false,
            "rotation": {
                "angle": 0,
                "axis": "y",
                "origin": [
                    8.05,
                    8,
                    7.125
                ]
            },
            "faces": {
                "north": {
                    "uv": [
                        8.74844,
                        6.75156,
                        8.25156,
                        6.99844
                    ],
                    "texture": "#2"
                },
                "east": {
                    "uv": [
                        9.49844,
                        6.75156,
                        8.75156,
                        6.99844
                    ],
                    "texture": "#2"
                },
                "south": {
                    "uv": [
                        9.99844,
                        6.75156,
                        9.50156,
                        6.99844
                    ],
                    "texture": "#2"
                },
                "west": {
                    "uv": [
                        8.24844,
                        6.75156,
                        7.50156,
                        6.99844
                    ],
                    "texture": "#2"
                },
                "up": {
                    "uv": [
                        8.25156,
                        6.74844,
                        8.74844,
                        6.00156
                    ],
                    "texture": "#2"
                },
                "down": {
                    "uv": [
                        8.75156,
                        6.00156,
                        9.24844,
                        6.74844
                    ],
                    "texture": "#2"
                }
            }
        },
        {
            "from": [
                4.05,
                0,
                1.125
            ],
            "to": [
                6.05,
                8,
                3.125
            ],
            "shade": false,
            "rotation": {
                "angle": 0,
                "axis": "x",
                "origin": [
                    8.05,
                    9,
                    7.125
                ]
            },
            "faces": {
                "north": {
                    "uv": [
                        4.49844,
                        11.75156,
                        4.00156,
                        13.74844
                    ],
                    "texture": "#2"
                },
                "east": {
                    "uv": [
                        4.99844,
                        11.75156,
                        4.50156,
                        13.74844
                    ],
                    "texture": "#2"
                },
                "south": {
                    "uv": [
                        5.49844,
                        11.75156,
                        5.00156,
                        13.74844
                    ],
                    "texture": "#2"
                },
                "west": {
                    "uv": [
                        3.99844,
                        11.75156,
                        3.50156,
                        13.74844
                    ],
                    "texture": "#2"
                },
                "up": {
                    "uv": [
                        4.00156,
                        11.74844,
                        4.49844,
                        11.25156
                    ],
                    "texture": "#2"
                },
                "down": {
                    "uv": [
                        4.50156,
                        11.25156,
                        4.99844,
                        11.74844
                    ],
                    "texture": "#2"
                }
            }
        },
        {
            "from": [
                4.06,
                3.4047,
                2.93674
            ],
            "to": [
                6.04,
                5.3847,
                4.16674
            ],
            "shade": false,
            "rotation": {
                "angle": -22.5,
                "axis": "x",
                "origin": [
                    8.05,
                    -0.3553,
                    -2.07326
                ]
            },
            "faces": {
                "north": {
                    "uv": [
                        8.24844,
                        1.75156,
                        7.75156,
                        2.24844
                    ],
                    "texture": "#2"
                },
                "east": {
                    "uv": [
                        8.49844,
                        1.75156,
                        8.25156,
                        2.24844
                    ],
                    "texture": "#2"
                },
                "south": {
                    "uv": [
                        8.99844,
                        1.75156,
                        8.50156,
                        2.24844
                    ],
                    "texture": "#2"
                },
                "west": {
                    "uv": [
                        7.74844,
                        1.75156,
                        7.50156,
                        2.24844
                    ],
                    "texture": "#2"
                },
                "up": {
                    "uv": [
                        7.75156,
                        1.74844,
                        8.24844,
                        1.50156
                    ],
                    "texture": "#2"
                },
                "down": {
                    "uv": [
                        8.25156,
                        1.50156,
                        8.74844,
                        1.74844
                    ],
                    "texture": "#2"
                }
            }
        },
        {
            "from": [
                4.06,
                10.00079,
                0.66488
            ],
            "to": [
                6.04,
                16.48079,
                3.64488
            ],
            "shade": false,
            "rotation": {
                "angle": -22.5,
                "axis": "x",
                "origin": [
                    8.05,
                    7.66345,
                    8.39413
                ]
            },
            "faces": {
                "north": {
                    "uv": [
                        1.24844,
                        5.00156,
                        0.75156,
                        6.49844
                    ],
                    "texture": "#2"
                },
                "east": {
                    "uv": [
                        1.99844,
                        5.00156,
                        1.25156,
                        6.49844
                    ],
                    "texture": "#2"
                },
                "south": {
                    "uv": [
                        2.49844,
                        5.00156,
                        2.00156,
                        6.49844
                    ],
                    "texture": "#2"
                },
                "west": {
                    "uv": [
                        0.74844,
                        5.00156,
                        0.00156,
                        6.49844
                    ],
                    "texture": "#2"
                },
                "up": {
                    "uv": [
                        0.75156,
                        4.99844,
                        1.24844,
                        4.25156
                    ],
                    "texture": "#2"
                },
                "down": {
                    "uv": [
                        1.25156,
                        4.25156,
                        1.74844,
                        4.99844
                    ],
                    "texture": "#2"
                }
            }
        },
        {
            "from": [
                4.05,
                8,
                0.625
            ],
            "to": [
                6.05,
                14,
                3.125
            ],
            "shade": false,
            "rotation": {
                "angle": 0,
                "axis": "x",
                "origin": [
                    8.05,
                    5.67266,
                    7.86425
                ]
            },
            "faces": {
                "north": {
                    "uv": [
                        0.99844,
                        0.50156,
                        0.50156,
                        1.99844
                    ],
                    "texture": "#2"
                },
                "east": {
                    "uv": [
                        1.49844,
                        0.50156,
                        1.00156,
                        1.99844
                    ],
                    "texture": "#2"
                },
                "south": {
                    "uv": [
                        1.99844,
                        0.50156,
                        1.50156,
                        1.99844
                    ],
                    "texture": "#2"
                },
                "west": {
                    "uv": [
                        0.49844,
                        0.50156,
                        0.00156,
                        1.99844
                    ],
                    "texture": "#2"
                },
                "up": {
                    "uv": [
                        0.50156,
                        0.49844,
                        0.99844,
                        0.00156
                    ],
                    "texture": "#2"
                },
                "down": {
                    "uv": [
                        1.00156,
                        0.00156,
                        1.49844,
                        0.49844
                    ],
                    "texture": "#2"
                }
            }
        },
        {
            "from": [
                4.025,
                0,
                12.95
            ],
            "to": [
                6.025,
                1,
                15.95
            ],
            "shade": false,
            "rotation": {
                "angle": 0,
                "axis": "y",
                "origin": [
                    8.025,
                    8,
                    9.95
                ]
            },
            "faces": {
                "north": {
                    "uv": [
                        13.74844,
                        4.75156,
                        13.25156,
                        4.99844
                    ],
                    "texture": "#2"
                },
                "east": {
                    "uv": [
                        14.49844,
                        4.75156,
                        13.75156,
                        4.99844
                    ],
                    "texture": "#2"
                },
                "south": {
                    "uv": [
                        14.99844,
                        4.75156,
                        14.50156,
                        4.99844
                    ],
                    "texture": "#2"
                },
                "west": {
                    "uv": [
                        13.24844,
                        4.75156,
                        12.50156,
                        4.99844
                    ],
                    "texture": "#2"
                },
                "up": {
                    "uv": [
                        13.25156,
                        4.74844,
                        13.74844,
                        4.00156
                    ],
                    "texture": "#2"
                },
                "down": {
                    "uv": [
                        13.75156,
                        4.00156,
                        14.24844,
                        4.74844
                    ],
                    "texture": "#2"
                }
            }
        },
        {
            "from": [
                4.025,
                1,
                14.45
            ],
            "to": [
                6.025,
                5,
                15.95
            ],
            "shade": false,
            "rotation": {
                "angle": 0,
                "axis": "y",
                "origin": [
                    8.025,
                    8,
                    8.95
                ]
            },
            "faces": {
                "north": {
                    "uv": [
                        13.49844,
                        8.00156,
                        13.00156,
                        8.99844
                    ],
                    "texture": "#2"
                },
                "east": {
                    "uv": [
                        13.74844,
                        8.00156,
                        13.50156,
                        8.99844
                    ],
                    "texture": "#2"
                },
                "south": {
                    "uv": [
                        14.24844,
                        8.00156,
                        13.75156,
                        8.99844
                    ],
                    "texture": "#2"
                },
                "west": {
                    "uv": [
                        12.99844,
                        8.00156,
                        12.75156,
                        8.99844
                    ],
                    "texture": "#2"
                },
                "up": {
                    "uv": [
                        13.00156,
                        7.99844,
                        13.49844,
                        7.75156
                    ],
                    "texture": "#2"
                },
                "down": {
                    "uv": [
                        13.50156,
                        7.75156,
                        13.99844,
                        7.99844
                    ],
                    "texture": "#2"
                }
            }
        },
        {
            "from": [
                4.035,
                -2.19711,
                11.56051
            ],
            "to": [
                6.015,
                2.78289,
                13.54051
            ],
            "shade": false,
            "rotation": {
                "angle": -45,
                "axis": "x",
                "origin": [
                    8.025,
                    4.29289,
                    6.05051
                ]
            },
            "faces": {
                "north": {
                    "uv": [
                        0.99844,
                        13.00156,
                        0.50156,
                        14.24844
                    ],
                    "texture": "#2"
                },
                "east": {
                    "uv": [
                        1.49844,
                        13.00156,
                        1.00156,
                        14.24844
                    ],
                    "texture": "#2"
                },
                "south": {
                    "uv": [
                        1.99844,
                        13.00156,
                        1.50156,
                        14.24844
                    ],
                    "texture": "#2"
                },
                "west": {
                    "uv": [
                        0.49844,
                        13.00156,
                        0.00156,
                        14.24844
                    ],
                    "texture": "#2"
                },
                "up": {
                    "uv": [
                        0.50156,
                        12.99844,
                        0.99844,
                        12.50156
                    ],
                    "texture": "#2"
                },
                "down": {
                    "uv": [
                        1.00156,
                        12.50156,
                        1.49844,
                        12.99844
                    ],
                    "texture": "#2"
                }
            }
        },
        {
            "from": [
                4.025,
                7.12132,
                11.00025
            ],
            "to": [
                6.025,
                14.12132,
                16.00025
            ],
            "shade": false,
            "rotation": {
                "angle": 0,
                "axis": "x",
                "origin": [
                    8.025,
                    4.12132,
                    7.00025
                ]
            },
            "faces": {
                "north": {
                    "uv": [
                        1.74844,
                        9.50156,
                        1.25156,
                        11.24844
                    ],
                    "texture": "#2"
                },
                "east": {
                    "uv": [
                        2.99844,
                        9.50156,
                        1.75156,
                        11.24844
                    ],
                    "texture": "#2"
                },
                "south": {
                    "uv": [
                        3.49844,
                        9.50156,
                        3.00156,
                        11.24844
                    ],
                    "texture": "#2"
                },
                "west": {
                    "uv": [
                        1.24844,
                        9.50156,
                        0.00156,
                        11.24844
                    ],
                    "texture": "#2"
                },
                "up": {
                    "uv": [
                        1.25156,
                        9.49844,
                        1.74844,
                        8.25156
                    ],
                    "texture": "#2"
                },
                "down": {
                    "uv": [
                        1.75156,
                        8.25156,
                        2.24844,
                        9.49844
                    ],
                    "texture": "#2"
                }
            }
        },
        {
            "from": [
                4.045,
                5.91632,
                13.02025
            ],
            "to": [
                6.005,
                8.87632,
                14.98025
            ],
            "shade": false,
            "rotation": {
                "angle": 0,
                "axis": "x",
                "origin": [
                    8.025,
                    4.12132,
                    8.00025
                ]
            },
            "faces": {
                "north": {
                    "uv": [
                        3.24844,
                        8.75156,
                        2.75156,
                        9.49844
                    ],
                    "texture": "#2"
                },
                "east": {
                    "uv": [
                        3.74844,
                        8.75156,
                        3.25156,
                        9.49844
                    ],
                    "texture": "#2"
                },
                "south": {
                    "uv": [
                        4.24844,
                        8.75156,
                        3.75156,
                        9.49844
                    ],
                    "texture": "#2"
                },
                "west": {
                    "uv": [
                        2.74844,
                        8.75156,
                        2.25156,
                        9.49844
                    ],
                    "texture": "#2"
                },
                "up": {
                    "uv": [
                        2.75156,
                        8.74844,
                        3.24844,
                        8.25156
                    ],
                    "texture": "#2"
                },
                "down": {
                    "uv": [
                        3.25156,
                        8.25156,
                        3.74844,
                        8.74844
                    ],
                    "texture": "#2"
                }
            }
        }
    ],
    "groups": [
        {
            "name": "front_leg_right",
            "origin": [
                8,
                5.54328,
                8.5461
            ],
            "children": [
                0,
                1,
                2,
                3,
                4
            ]
        },
        {
            "name": "hind_leg_right",
            "origin": [
                8,
                8,
                8
            ],
            "children": [
                5,
                6,
                7,
                8,
                9
            ]
        },
        {
            "name": "head",
            "origin": [
                8,
                7,
                8.75
            ],
            "children": [
                10,
                11,
                12,
                13,
                14,
                15,
                16,
                17,
                18,
                19,
                20,
                21,
                22,
                23
            ]
        },
        {
            "name": "body",
            "origin": [
                8,
                8,
                8
            ],
            "children": [
                24,
                25,
                26
            ]
        },
        {
            "name": "tail",
            "origin": [
                7.5,
                7.25,
                8
            ],
            "children": [
                27,
                28,
                29,
                30,
                31,
                32,
                33
            ]
        },
        {
            "name": "front_leg_left",
            "origin": [
                8,
                5.54328,
                8.5461
            ],
            "children": [
                34,
                35,
                36,
                37,
                38
            ]
        },
        {
            "name": "hind_leg_left",
            "origin": [
                8,
                8,
                8
            ],
            "children": [
                39,
                40,
                41,
                42,
                43
            ]
        }
    ],
    "display": {
        "thirdperson_righthand": {
            "rotation": [
                83,
                0,
                0
            ],
            "translation": [
                1,
                -1,
                18
            ]
        },
        "thirdperson_lefthand": {
            "rotation": [
                83,
                0,
                0
            ],
            "translation": [
                1,
                -1,
                18
            ]
        },
        "firstperson_lefthand": {
            "translation": [
                0,
                -32,
                32
            ]
        },
        "firstperson_righthand": {
            "translation": [
                0,
                -32,
                32
            ]
        }
    }
}