{
    "credit": "Made with Blockbench",
    "textures": {
        "nautilus0": "hotbar_pets:item/nautilus",
        "particle": "hotbar_pets:item/nautilus"
    },
    "display": {
        "thirdperson_righthand": {
            "rotation": [
                83,
                0,
                0
            ],
            "translation": [
                1,
                -1,
                18
            ]
        },
        "thirdperson_lefthand": {
            "rotation": [
                83,
                0,
                0
            ],
            "translation": [
                1,
                -1,
                18
            ]
        },
        "firstperson_lefthand": {
            "translation": [
                0,
                -32,
                32
            ]
        },
        "firstperson_righthand": {
            "translation": [
                0,
                -32,
                32
            ]
        }
    },
    "elements": [
        {
            "name": "head0",
            "from": [
                6.5,
                0.86052,
                3.42389
            ],
            "to": [
                9.5,
                3.86052,
                7.67389
            ],
            "rotation": {
                "angle": -22.5,
                "axis": "x",
                "origin": [
                    8,
                    2.75,
                    7.375
                ]
            },
            "faces": {
                "north": {
                    "uv": [
                        0.5,
                        4.5,
                        2,
                        6
                    ],
                    "texture": "#nautilus0"
                },
                "east": {
                    "uv": [
                        1,
                        6,
                        3.5,
                        7.5
                    ],
                    "texture": "#nautilus0"
                },
                "west": {
                    "uv": [
                        0,
                        11.5,
                        2.5,
                        13
                    ],
                    "texture": "#nautilus0"
                },
                "down": {
                    "uv": [
                        1,
                        7.5,
                        3.5,
                        9
                    ],
                    "rotation": 90,
                    "texture": "#nautilus0"
                }
            }
        },
        {
            "name": "head1",
            "from": [
                6.75,
                0,
                4.75
            ],
            "to": [
                9.25,
                2,
                8
            ],
            "rotation": {
                "angle": 0,
                "axis": "x",
                "origin": [
                    8,
                    2.75,
                    7.375
                ]
            },
            "faces": {
                "east": {
                    "uv": [
                        6,
                        1,
                        7.25,
                        2
                    ],
                    "texture": "#nautilus0"
                },
                "west": {
                    "uv": [
                        6,
                        1,
                        7.25,
                        2
                    ],
                    "texture": "#nautilus0"
                },
                "down": {
                    "uv": [
                        0.5,
                        0.5,
                        2,
                        1.75
                    ],
                    "texture": "#nautilus0",
                    "cullface": "down"
                }
            }
        },
        {
            "name": "head2",
            "from": [
                6.25,
                3.61924,
                3.12318
            ],
            "to": [
                9.75,
                4.11924,
                6.12318
            ],
            "rotation": {
                "angle": -22.5,
                "axis": "x",
                "origin": [
                    8,
                    2.75,
                    7.375
                ]
            },
            "faces": {
                "north": {
                    "uv": [
                        0,
                        9.5,
                        2,
                        10
                    ],
                    "texture": "#nautilus0"
                },
                "east": {
                    "uv": [
                        0,
                        9,
                        2,
                        9.5
                    ],
                    "texture": "#nautilus0"
                },
                "west": {
                    "uv": [
                        0,
                        9,
                        2,
                        9.5
                    ],
                    "texture": "#nautilus0"
                },
                "up": {
                    "uv": [
                        0,
                        10,
                        2,
                        11.5
                    ],
                    "texture": "#nautilus0"
                },
                "down": {
                    "uv": [
                        0,
                        10,
                        2,
                        11.5
                    ],
                    "texture": "#nautilus0"
                }
            }
        },
        {
            "name": "tentacle0",
            "from": [
                6.5,
                -0.53544,
                1.44186
            ],
            "to": [
                6.5,
                2.46456,
                3.94186
            ],
            "rotation": {
                "angle": -22.5,
                "axis": "x",
                "origin": [
                    8,
                    0.75,
                    4.125
                ]
            },
            "faces": {
                "east": {
                    "uv": [
                        6,
                        6,
                        7.5,
                        7.25
                    ],
                    "rotation": 90,
                    "texture": "#nautilus0"
                },
                "west": {
                    "uv": [
                        6,
                        6,
                        7.5,
                        7.25
                    ],
                    "rotation": 270,
                    "texture": "#nautilus0"
                }
            }
        },
        {
            "name": "tentacle1",
            "from": [
                9.5,
                -0.53544,
                1.44186
            ],
            "to": [
                9.5,
                2.46456,
                3.94186
            ],
            "rotation": {
                "angle": -22.5,
                "axis": "x",
                "origin": [
                    8,
                    0.75,
                    4.125
                ]
            },
            "faces": {
                "east": {
                    "uv": [
                        6,
                        6,
                        7.5,
                        7.25
                    ],
                    "rotation": 90,
                    "texture": "#nautilus0"
                },
                "west": {
                    "uv": [
                        6,
                        6,
                        7.5,
                        7.25
                    ],
                    "rotation": 270,
                    "texture": "#nautilus0"
                }
            }
        },
        {
            "name": "tentacle2",
            "from": [
                6.5,
                2.46456,
                1.44186
            ],
            "to": [
                9.5,
                2.46456,
                3.94186
            ],
            "rotation": {
                "angle": -22.5,
                "axis": "x",
                "origin": [
                    8,
                    0.75,
                    4.125
                ]
            },
            "faces": {
                "east": {
                    "uv": [
                        0,
                        0,
                        0,
                        0
                    ],
                    "texture": "#nautilus0"
                },
                "up": {
                    "uv": [
                        8,
                        6,
                        9.5,
                        7.25
                    ],
                    "texture": "#nautilus0"
                },
                "down": {
                    "uv": [
                        8,
                        6,
                        9.5,
                        7.25
                    ],
                    "rotation": 180,
                    "texture": "#nautilus0"
                }
            }
        },
        {
            "name": "tentacle3",
            "from": [
                6.5,
                -0.53544,
                1.44186
            ],
            "to": [
                9.5,
                -0.53544,
                3.94186
            ],
            "rotation": {
                "angle": -22.5,
                "axis": "x",
                "origin": [
                    8,
                    0.75,
                    4.125
                ]
            },
            "faces": {
                "east": {
                    "uv": [
                        0,
                        0,
                        0,
                        0
                    ],
                    "texture": "#nautilus0"
                },
                "up": {
                    "uv": [
                        8,
                        6,
                        9.5,
                        7.25
                    ],
                    "texture": "#nautilus0",
                    "cullface": "down"
                },
                "down": {
                    "uv": [
                        8,
                        6,
                        9.5,
                        7.25
                    ],
                    "rotation": 180,
                    "texture": "#nautilus0",
                    "cullface": "down"
                }
            }
        },
        {
            "name": "body0",
            "from": [
                6.25,
                -0.25,
                7
            ],
            "to": [
                9.75,
                7,
                12
            ],
            "rotation": {
                "angle": 0,
                "axis": "y",
                "origin": [
                    8,
                    3,
                    10
                ]
            },
            "faces": {
                "north": {
                    "uv": [
                        2,
                        4.5,
                        3.5,
                        6
                    ],
                    "rotation": 180,
                    "texture": "#nautilus0"
                },
                "east": {
                    "uv": [
                        3.5,
                        2,
                        6,
                        5.5
                    ],
                    "texture": "#nautilus0"
                },
                "south": {
                    "uv": [
                        6,
                        2,
                        8,
                        5.625
                    ],
                    "texture": "#nautilus0"
                },
                "west": {
                    "uv": [
                        2.5,
                        9,
                        5,
                        12.5
                    ],
                    "texture": "#nautilus0"
                },
                "up": {
                    "uv": [
                        2.5,
                        0,
                        5,
                        2
                    ],
                    "rotation": 90,
                    "texture": "#nautilus0"
                },
                "down": {
                    "uv": [
                        3.5,
                        6,
                        6,
                        8
                    ],
                    "rotation": 270,
                    "texture": "#nautilus0",
                    "cullface": "down"
                }
            }
        },
        {
            "name": "body1",
            "from": [
                6.25,
                3,
                4
            ],
            "to": [
                9.75,
                7,
                7
            ],
            "rotation": {
                "angle": 0,
                "axis": "x",
                "origin": [
                    8,
                    3,
                    10
                ]
            },
            "faces": {
                "north": {
                    "uv": [
                        0,
                        2,
                        2,
                        4
                    ],
                    "texture": "#nautilus0"
                },
                "east": {
                    "uv": [
                        5,
                        9,
                        6.5,
                        11
                    ],
                    "texture": "#nautilus0"
                },
                "west": {
                    "uv": [
                        2,
                        2,
                        3.5,
                        4
                    ],
                    "texture": "#nautilus0"
                },
                "up": {
                    "uv": [
                        2,
                        0,
                        3.5,
                        2
                    ],
                    "rotation": 90,
                    "texture": "#nautilus0"
                },
                "down": {
                    "uv": [
                        2,
                        4.5,
                        3.5,
                        6
                    ],
                    "rotation": 180,
                    "texture": "#nautilus0"
                }
            }
        }
    ],
    "groups": [
        {
            "name": "head",
            "origin": [
                8,
                8,
                8
            ],
            "children": [
                0,
                1,
                2
            ]
        },
        {
            "name": "tentacle",
            "origin": [
                8,
                1.5,
                5.375
            ],
            "children": [
                3,
                4,
                5,
                6
            ]
        },
        {
            "name": "body",
            "origin": [
                8,
                8,
                5
            ],
            "children": [
                7,
                8
            ]
        }
    ]
}