{
    "credit": "Made with Blockbench",
    "textures": {
        "0": "hotbar_pets:item/spider",
        "particle": "hotbar_pets:item/spider"
    },
    "elements": [
        {
            "name": "cube",
            "from": [
                4,
                4,
                4
            ],
            "to": [
                12,
                12,
                12
            ],
            "rotation": {
                "angle": -45,
                "axis": "z",
                "origin": [
                    8,
                    8,
                    8
                ]
            },
            "faces": {
                "north": {
                    "uv": [
                        0,
                        0,
                        11,
                        11
                    ],
                    "texture": "#0"
                },
                "east": {
                    "uv": [
                        8,
                        8,
                        16,
                        16
                    ],
                    "texture": "#0"
                },
                "south": {
                    "uv": [
                        8,
                        8,
                        16,
                        16
                    ],
                    "texture": "#0"
                },
                "west": {
                    "uv": [
                        8,
                        8,
                        16,
                        16
                    ],
                    "texture": "#0"
                },
                "up": {
                    "uv": [
                        8,
                        8,
                        16,
                        16
                    ],
                    "texture": "#0"
                },
                "down": {
                    "uv": [
                        8,
                        8,
                        16,
                        16
                    ],
                    "texture": "#0"
                }
            }
        },
        {
            "name": "cube",
            "from": [
                0,
                9,
                7.5
            ],
            "to": [
                8,
                11,
                8.5
            ],
            "faces": {
                "north": {
                    "uv": [
                        12,
                        0,
                        16,
                        8
                    ],
                    "texture": "#0"
                },
                "east": {
                    "uv": [
                        0,
                        5.66667,
                        0.33333,
                        6.33333
                    ],
                    "texture": "#0",
                    "rotation": 180
                },
                "south": {
                    "uv": [
                        12,
                        0,
                        16,
                        8
                    ],
                    "texture": "#0",
                    "rotation": 90
                },
                "west": {
                    "uv": [
                        14,
                        0,
                        16,
                        4
                    ],
                    "texture": "#0"
                },
                "up": {
                    "uv": [
                        14,
                        0,
                        16,
                        8
                    ],
                    "texture": "#0",
                    "rotation": 90
                },
                "down": {
                    "uv": [
                        14,
                        0,
                        16,
                        8
                    ],
                    "texture": "#0",
                    "rotation": 90
                }
            }
        },
        {
            "name": "cube",
            "from": [
                0,
                9,
                7.5
            ],
            "to": [
                8,
                11,
                8.5
            ],
            "rotation": {
                "angle": 22.5,
                "axis": "y",
                "origin": [
                    8,
                    8,
                    8
                ]
            },
            "faces": {
                "north": {
                    "uv": [
                        12,
                        0,
                        16,
                        8
                    ],
                    "texture": "#0"
                },
                "east": {
                    "uv": [
                        6,
                        5.66667,
                        6.33333,
                        6.33333
                    ],
                    "texture": "#0",
                    "rotation": 180
                },
                "south": {
                    "uv": [
                        12,
                        0,
                        16,
                        8
                    ],
                    "texture": "#0",
                    "rotation": 90
                },
                "west": {
                    "uv": [
                        14,
                        0,
                        16,
                        4
                    ],
                    "texture": "#0",
                    "rotation": 180
                },
                "up": {
                    "uv": [
                        14,
                        0,
                        16,
                        8
                    ],
                    "texture": "#0",
                    "rotation": 90
                },
                "down": {
                    "uv": [
                        14,
                        0,
                        16,
                        8
                    ],
                    "texture": "#0",
                    "rotation": 90
                }
            }
        },
        {
            "name": "cube",
            "from": [
                0,
                9,
                7.5
            ],
            "to": [
                8,
                11,
                8.5
            ],
            "rotation": {
                "angle": -22.5,
                "axis": "y",
                "origin": [
                    8,
                    8,
                    8
                ]
            },
            "faces": {
                "north": {
                    "uv": [
                        12,
                        0,
                        16,
                        8
                    ],
                    "texture": "#0"
                },
                "east": {
                    "uv": [
                        0,
                        6.66667,
                        0.33333,
                        7.33333
                    ],
                    "texture": "#0",
                    "rotation": 180
                },
                "south": {
                    "uv": [
                        12,
                        0,
                        16,
                        8
                    ],
                    "texture": "#0",
                    "rotation": 90
                },
                "west": {
                    "uv": [
                        14,
                        0,
                        16,
                        4
                    ],
                    "texture": "#0"
                },
                "up": {
                    "uv": [
                        14,
                        0,
                        16,
                        8
                    ],
                    "texture": "#0",
                    "rotation": 90
                },
                "down": {
                    "uv": [
                        14,
                        0,
                        16,
                        8
                    ],
                    "texture": "#0",
                    "rotation": 90
                }
            }
        },
        {
            "name": "cube",
            "from": [
                9,
                0,
                7.5
            ],
            "to": [
                11,
                8,
                8.5
            ],
            "faces": {
                "north": {
                    "uv": [
                        12,
                        0,
                        16,
                        8
                    ],
                    "texture": "#0"
                },
                "east": {
                    "uv": [
                        14,
                        0,
                        16,
                        8
                    ],
                    "texture": "#0"
                },
                "south": {
                    "uv": [
                        12,
                        0,
                        16,
                        8
                    ],
                    "texture": "#0"
                },
                "west": {
                    "uv": [
                        14,
                        0,
                        16,
                        8
                    ],
                    "texture": "#0"
                },
                "up": {
                    "uv": [
                        0,
                        6.33333,
                        0.33333,
                        5.66667
                    ],
                    "texture": "#0",
                    "rotation": 90
                },
                "down": {
                    "uv": [
                        14,
                        0,
                        16,
                        4
                    ],
                    "texture": "#0"
                }
            }
        },
        {
            "name": "cube",
            "from": [
                9,
                0,
                7.5
            ],
            "to": [
                11,
                8,
                8.5
            ],
            "rotation": {
                "angle": -22.5,
                "axis": "x",
                "origin": [
                    8,
                    8,
                    8
                ]
            },
            "faces": {
                "north": {
                    "uv": [
                        12,
                        0,
                        16,
                        8
                    ],
                    "texture": "#0"
                },
                "east": {
                    "uv": [
                        14,
                        0,
                        16,
                        8
                    ],
                    "texture": "#0"
                },
                "south": {
                    "uv": [
                        12,
                        0,
                        16,
                        8
                    ],
                    "texture": "#0"
                },
                "west": {
                    "uv": [
                        14,
                        0,
                        16,
                        8
                    ],
                    "texture": "#0"
                },
                "up": {
                    "uv": [
                        6,
                        6.33333,
                        6.33333,
                        5.66667
                    ],
                    "texture": "#0",
                    "rotation": 90
                },
                "down": {
                    "uv": [
                        14,
                        0,
                        16,
                        4
                    ],
                    "texture": "#0"
                }
            }
        },
        {
            "name": "cube",
            "from": [
                9,
                0,
                7.5
            ],
            "to": [
                11,
                8,
                8.5
            ],
            "rotation": {
                "angle": 22.5,
                "axis": "x",
                "origin": [
                    8,
                    8,
                    8
                ]
            },
            "faces": {
                "north": {
                    "uv": [
                        12,
                        0,
                        16,
                        8
                    ],
                    "texture": "#0"
                },
                "east": {
                    "uv": [
                        14,
                        0,
                        16,
                        8
                    ],
                    "texture": "#0"
                },
                "south": {
                    "uv": [
                        12,
                        0,
                        16,
                        8
                    ],
                    "texture": "#0"
                },
                "west": {
                    "uv": [
                        14,
                        0,
                        16,
                        8
                    ],
                    "texture": "#0"
                },
                "up": {
                    "uv": [
                        0,
                        7.33333,
                        0.33333,
                        6.66667
                    ],
                    "texture": "#0",
                    "rotation": 90
                },
                "down": {
                    "uv": [
                        14,
                        0,
                        16,
                        4
                    ],
                    "texture": "#0"
                }
            }
        }
    ],
    "display": {
        "thirdperson_righthand": {
            "rotation": [
                83,
                0,
                0
            ],
            "translation": [
                1,
                -1,
                18
            ]
        },
        "thirdperson_lefthand": {
            "rotation": [
                83,
                0,
                0
            ],
            "translation": [
                1,
                -1,
                18
            ]
        },
        "firstperson_lefthand": {
            "translation": [
                0,
                -32,
                32
            ]
        },
        "firstperson_righthand": {
            "translation": [
                0,
                -32,
                32
            ]
        },
        "head": {
            "scale": [
                2.2,
                2.2,
                2.2
            ],
            "rotation": [
                0,
                0,
                45
            ],
            "translation": [
                -5.5,
                32,
                -1
            ]
        }
    },
    "groups": [
        0,
        {
            "name": "group",
            "isOpen": true,
            "export": true,
            "visibility": true,
            "children": [
                1,
                2,
                3
            ]
        },
        {
            "name": "group",
            "isOpen": true,
            "export": true,
            "visibility": true,
            "children": [
                4,
                5,
                6
            ]
        }
    ]
}