{
    "credit": "Made with Blockbench by dragonmaster95",
    "textures": {
        "0": "hotbar_pets:item/swablu",
        "particle": "hotbar_pets:item/swablu"
    },
    "elements": [
        {
            "from": [
                5,
                2,
                5
            ],
            "to": [
                11,
                6,
                11
            ],
            "faces": {
                "north": {
                    "uv": [
                        0,
                        0,
                        1,
                        1
                    ],
                    "texture": "#0"
                },
                "east": {
                    "uv": [
                        0,
                        0,
                        1,
                        1
                    ],
                    "texture": "#0"
                },
                "south": {
                    "uv": [
                        0,
                        0,
                        1,
                        1
                    ],
                    "texture": "#0"
                },
                "west": {
                    "uv": [
                        0,
                        0,
                        1,
                        1
                    ],
                    "texture": "#0"
                },
                "up": {
                    "uv": [
                        0,
                        0,
                        1,
                        1
                    ],
                    "texture": "#0"
                },
                "down": {
                    "uv": [
                        0,
                        0,
                        1,
                        1
                    ],
                    "texture": "#0"
                }
            }
        },
        {
            "from": [
                6,
                6,
                6
            ],
            "to": [
                10,
                7,
                10
            ],
            "faces": {
                "north": {
                    "uv": [
                        0,
                        0,
                        1,
                        1
                    ],
                    "texture": "#0"
                },
                "east": {
                    "uv": [
                        0,
                        0,
                        1,
                        1
                    ],
                    "texture": "#0"
                },
                "south": {
                    "uv": [
                        0,
                        0,
                        1,
                        1
                    ],
                    "texture": "#0"
                },
                "west": {
                    "uv": [
                        0,
                        0,
                        1,
                        1
                    ],
                    "texture": "#0"
                },
                "up": {
                    "uv": [
                        0,
                        0,
                        1,
                        1
                    ],
                    "texture": "#0"
                }
            }
        },
        {
            "from": [
                5.5,
                1.5,
                5.5
            ],
            "to": [
                10.5,
                2,
                10.5
            ],
            "faces": {
                "north": {
                    "uv": [
                        0,
                        0,
                        1,
                        1
                    ],
                    "texture": "#0"
                },
                "east": {
                    "uv": [
                        0,
                        0,
                        1,
                        1
                    ],
                    "texture": "#0"
                },
                "south": {
                    "uv": [
                        0,
                        0,
                        1,
                        1
                    ],
                    "texture": "#0"
                },
                "west": {
                    "uv": [
                        0,
                        0,
                        1,
                        1
                    ],
                    "texture": "#0"
                },
                "down": {
                    "uv": [
                        0,
                        0,
                        1,
                        1
                    ],
                    "texture": "#0"
                }
            }
        },
        {
            "from": [
                7,
                1.5,
                7.5
            ],
            "to": [
                9,
                2.25,
                14.5
            ],
            "rotation": {
                "angle": 22.5,
                "axis": "x",
                "origin": [
                    8,
                    1.75,
                    10.5
                ]
            },
            "faces": {
                "north": {
                    "uv": [
                        0,
                        0,
                        1,
                        1
                    ],
                    "rotation": 180,
                    "texture": "#0"
                },
                "east": {
                    "uv": [
                        0,
                        0,
                        1,
                        1
                    ],
                    "rotation": 180,
                    "texture": "#0"
                },
                "south": {
                    "uv": [
                        0,
                        0,
                        1,
                        1
                    ],
                    "rotation": 180,
                    "texture": "#0"
                },
                "west": {
                    "uv": [
                        0,
                        0,
                        1,
                        1
                    ],
                    "rotation": 180,
                    "texture": "#0"
                },
                "up": {
                    "uv": [
                        0,
                        0,
                        1,
                        1
                    ],
                    "rotation": 180,
                    "texture": "#0"
                },
                "down": {
                    "uv": [
                        0,
                        0,
                        1,
                        1
                    ],
                    "rotation": 180,
                    "texture": "#0"
                }
            }
        },
        {
            "from": [
                6.25,
                2,
                7.5
            ],
            "to": [
                7.5,
                2.25,
                8.5
            ],
            "rotation": {
                "angle": -45,
                "axis": "x",
                "origin": [
                    7,
                    1.75,
                    8.5
                ]
            },
            "faces": {
                "north": {
                    "uv": [
                        6,
                        1,
                        8,
                        3
                    ],
                    "rotation": 180,
                    "texture": "#0"
                },
                "east": {
                    "uv": [
                        6,
                        1,
                        8,
                        3
                    ],
                    "rotation": 180,
                    "texture": "#0"
                },
                "west": {
                    "uv": [
                        6,
                        1,
                        8,
                        3
                    ],
                    "rotation": 180,
                    "texture": "#0"
                },
                "up": {
                    "uv": [
                        6,
                        1,
                        8,
                        3
                    ],
                    "rotation": 180,
                    "texture": "#0"
                },
                "down": {
                    "uv": [
                        6,
                        1,
                        8,
                        3
                    ],
                    "rotation": 180,
                    "texture": "#0"
                }
            }
        },
        {
            "from": [
                9.25,
                2,
                6.5
            ],
            "to": [
                9.75,
                2.25,
                8.5
            ],
            "rotation": {
                "angle": -45,
                "axis": "x",
                "origin": [
                    9.25,
                    1.75,
                    8.5
                ]
            },
            "faces": {
                "north": {
                    "uv": [
                        6,
                        1,
                        8,
                        3
                    ],
                    "rotation": 180,
                    "texture": "#0"
                },
                "east": {
                    "uv": [
                        6,
                        1,
                        8,
                        3
                    ],
                    "rotation": 180,
                    "texture": "#0"
                },
                "west": {
                    "uv": [
                        6,
                        1,
                        8,
                        3
                    ],
                    "rotation": 180,
                    "texture": "#0"
                },
                "up": {
                    "uv": [
                        6,
                        1,
                        8,
                        3
                    ],
                    "rotation": 180,
                    "texture": "#0"
                },
                "down": {
                    "uv": [
                        6,
                        1,
                        8,
                        3
                    ],
                    "rotation": 180,
                    "texture": "#0"
                }
            }
        },
        {
            "from": [
                8.5,
                2,
                6.5
            ],
            "to": [
                9,
                2.25,
                8.5
            ],
            "rotation": {
                "angle": -45,
                "axis": "x",
                "origin": [
                    8.5,
                    1.75,
                    8.5
                ]
            },
            "faces": {
                "north": {
                    "uv": [
                        6,
                        1,
                        8,
                        3
                    ],
                    "rotation": 180,
                    "texture": "#0"
                },
                "east": {
                    "uv": [
                        6,
                        1,
                        8,
                        3
                    ],
                    "rotation": 180,
                    "texture": "#0"
                },
                "west": {
                    "uv": [
                        6,
                        1,
                        8,
                        3
                    ],
                    "rotation": 180,
                    "texture": "#0"
                },
                "up": {
                    "uv": [
                        6,
                        1,
                        8,
                        3
                    ],
                    "rotation": 180,
                    "texture": "#0"
                },
                "down": {
                    "uv": [
                        6,
                        1,
                        8,
                        3
                    ],
                    "rotation": 180,
                    "texture": "#0"
                }
            }
        },
        {
            "from": [
                6.25,
                2,
                6.5
            ],
            "to": [
                6.75,
                2.25,
                8.5
            ],
            "rotation": {
                "angle": -45,
                "axis": "x",
                "origin": [
                    6.25,
                    1.75,
                    8.5
                ]
            },
            "faces": {
                "north": {
                    "uv": [
                        6,
                        1,
                        8,
                        3
                    ],
                    "rotation": 180,
                    "texture": "#0"
                },
                "east": {
                    "uv": [
                        6,
                        1,
                        8,
                        3
                    ],
                    "rotation": 180,
                    "texture": "#0"
                },
                "west": {
                    "uv": [
                        6,
                        1,
                        8,
                        3
                    ],
                    "rotation": 180,
                    "texture": "#0"
                },
                "up": {
                    "uv": [
                        6,
                        1,
                        8,
                        3
                    ],
                    "rotation": 180,
                    "texture": "#0"
                },
                "down": {
                    "uv": [
                        6,
                        1,
                        8,
                        3
                    ],
                    "rotation": 180,
                    "texture": "#0"
                }
            }
        },
        {
            "from": [
                7,
                2,
                6.5
            ],
            "to": [
                7.5,
                2.25,
                8.5
            ],
            "rotation": {
                "angle": -45,
                "axis": "x",
                "origin": [
                    7,
                    1.75,
                    8.5
                ]
            },
            "faces": {
                "north": {
                    "uv": [
                        6,
                        1,
                        8,
                        3
                    ],
                    "rotation": 180,
                    "texture": "#0"
                },
                "east": {
                    "uv": [
                        6,
                        1,
                        8,
                        3
                    ],
                    "rotation": 180,
                    "texture": "#0"
                },
                "west": {
                    "uv": [
                        6,
                        1,
                        8,
                        3
                    ],
                    "rotation": 180,
                    "texture": "#0"
                },
                "up": {
                    "uv": [
                        6,
                        1,
                        8,
                        3
                    ],
                    "rotation": 180,
                    "texture": "#0"
                },
                "down": {
                    "uv": [
                        6,
                        1,
                        8,
                        3
                    ],
                    "rotation": 180,
                    "texture": "#0"
                }
            }
        },
        {
            "from": [
                8.5,
                2,
                7.5
            ],
            "to": [
                9.75,
                2.25,
                8.5
            ],
            "rotation": {
                "angle": -45,
                "axis": "x",
                "origin": [
                    9.25,
                    1.75,
                    8.5
                ]
            },
            "faces": {
                "north": {
                    "uv": [
                        6,
                        1,
                        8,
                        3
                    ],
                    "rotation": 180,
                    "texture": "#0"
                },
                "east": {
                    "uv": [
                        6,
                        1,
                        8,
                        3
                    ],
                    "rotation": 180,
                    "texture": "#0"
                },
                "west": {
                    "uv": [
                        6,
                        1,
                        8,
                        3
                    ],
                    "rotation": 180,
                    "texture": "#0"
                },
                "up": {
                    "uv": [
                        6,
                        1,
                        8,
                        3
                    ],
                    "rotation": 180,
                    "texture": "#0"
                },
                "down": {
                    "uv": [
                        6,
                        1,
                        8,
                        3
                    ],
                    "rotation": 180,
                    "texture": "#0"
                }
            }
        },
        {
            "from": [
                7.25,
                3.75,
                3.75
            ],
            "to": [
                8.75,
                4.5,
                5.25
            ],
            "rotation": {
                "angle": -22.5,
                "axis": "x",
                "origin": [
                    8,
                    4.125,
                    4.25
                ]
            },
            "faces": {
                "north": {
                    "uv": [
                        6,
                        1,
                        8,
                        3
                    ],
                    "texture": "#0"
                },
                "east": {
                    "uv": [
                        6,
                        1,
                        8,
                        3
                    ],
                    "texture": "#0"
                },
                "south": {
                    "uv": [
                        6,
                        1,
                        8,
                        3
                    ],
                    "texture": "#0"
                },
                "west": {
                    "uv": [
                        6,
                        1,
                        8,
                        3
                    ],
                    "texture": "#0"
                },
                "up": {
                    "uv": [
                        6,
                        1,
                        8,
                        3
                    ],
                    "texture": "#0"
                },
                "down": {
                    "uv": [
                        6,
                        1,
                        8,
                        3
                    ],
                    "texture": "#0"
                }
            }
        },
        {
            "from": [
                7.5,
                3.25,
                4
            ],
            "to": [
                8.5,
                4,
                5
            ],
            "faces": {
                "north": {
                    "uv": [
                        6,
                        1,
                        8,
                        3
                    ],
                    "texture": "#0"
                },
                "east": {
                    "uv": [
                        6,
                        1,
                        8,
                        3
                    ],
                    "texture": "#0"
                },
                "south": {
                    "uv": [
                        6,
                        1,
                        8,
                        3
                    ],
                    "texture": "#0"
                },
                "west": {
                    "uv": [
                        6,
                        1,
                        8,
                        3
                    ],
                    "texture": "#0"
                },
                "up": {
                    "uv": [
                        6,
                        1,
                        8,
                        3
                    ],
                    "texture": "#0"
                },
                "down": {
                    "uv": [
                        6,
                        1,
                        8,
                        3
                    ],
                    "texture": "#0"
                }
            }
        },
        {
            "from": [
                9,
                4,
                4.97561
            ],
            "to": [
                10,
                5,
                4.97561
            ],
            "faces": {
                "north": {
                    "uv": [
                        0,
                        12,
                        4,
                        16
                    ],
                    "texture": "#0"
                }
            }
        },
        {
            "from": [
                6,
                4,
                4.97561
            ],
            "to": [
                7,
                5,
                4.97561
            ],
            "faces": {
                "north": {
                    "uv": [
                        0,
                        12,
                        4,
                        16
                    ],
                    "texture": "#0"
                }
            }
        },
        {
            "from": [
                11.83659,
                9.67517,
                7.84756
            ],
            "to": [
                12.33659,
                9.79712,
                8.15244
            ],
            "rotation": {
                "angle": 0,
                "axis": "z",
                "origin": [
                    12.33659,
                    9.79712,
                    7.90244
                ]
            },
            "faces": {
                "north": {
                    "uv": [
                        0,
                        0,
                        1,
                        1
                    ],
                    "rotation": 270,
                    "texture": "#0"
                },
                "east": {
                    "uv": [
                        0,
                        0,
                        1,
                        1
                    ],
                    "rotation": 270,
                    "texture": "#0"
                },
                "south": {
                    "uv": [
                        0,
                        0,
                        1,
                        1
                    ],
                    "rotation": 90,
                    "texture": "#0"
                },
                "west": {
                    "uv": [
                        0,
                        0,
                        1,
                        1
                    ],
                    "rotation": 270,
                    "texture": "#0"
                },
                "up": {
                    "uv": [
                        0,
                        0,
                        1,
                        1
                    ],
                    "rotation": 90,
                    "texture": "#0"
                },
                "down": {
                    "uv": [
                        0,
                        0,
                        1,
                        1
                    ],
                    "rotation": 90,
                    "texture": "#0"
                }
            }
        },
        {
            "from": [
                8.71509,
                7.99578,
                7.75
            ],
            "to": [
                8.91021,
                9.49578,
                8.25
            ],
            "rotation": {
                "angle": -45,
                "axis": "z",
                "origin": [
                    8.81265,
                    8.49578,
                    8
                ]
            },
            "faces": {
                "north": {
                    "uv": [
                        0,
                        0,
                        1,
                        1
                    ],
                    "texture": "#0"
                },
                "east": {
                    "uv": [
                        0,
                        0,
                        1,
                        1
                    ],
                    "texture": "#0"
                },
                "south": {
                    "uv": [
                        0,
                        0,
                        1,
                        1
                    ],
                    "texture": "#0"
                },
                "west": {
                    "uv": [
                        0,
                        0,
                        1,
                        1
                    ],
                    "texture": "#0"
                },
                "up": {
                    "uv": [
                        0,
                        0,
                        1,
                        1
                    ],
                    "rotation": 180,
                    "texture": "#0"
                },
                "down": {
                    "uv": [
                        0,
                        0,
                        1,
                        1
                    ],
                    "rotation": 180,
                    "texture": "#0"
                }
            }
        },
        {
            "from": [
                9.45004,
                9.27552,
                7.75
            ],
            "to": [
                10.95004,
                9.47064,
                8.25
            ],
            "rotation": {
                "angle": 22.5,
                "axis": "z",
                "origin": [
                    9.95004,
                    9.37308,
                    8
                ]
            },
            "faces": {
                "north": {
                    "uv": [
                        0,
                        0,
                        1,
                        1
                    ],
                    "rotation": 270,
                    "texture": "#0"
                },
                "east": {
                    "uv": [
                        0,
                        0,
                        1,
                        1
                    ],
                    "rotation": 270,
                    "texture": "#0"
                },
                "south": {
                    "uv": [
                        0,
                        0,
                        1,
                        1
                    ],
                    "rotation": 90,
                    "texture": "#0"
                },
                "up": {
                    "uv": [
                        0,
                        0,
                        1,
                        1
                    ],
                    "rotation": 90,
                    "texture": "#0"
                },
                "down": {
                    "uv": [
                        0,
                        0,
                        1,
                        1
                    ],
                    "rotation": 90,
                    "texture": "#0"
                }
            }
        },
        {
            "from": [
                10.83659,
                9.65078,
                7.79878
            ],
            "to": [
                11.83659,
                9.8459,
                8.20122
            ],
            "rotation": {
                "angle": 0,
                "axis": "z",
                "origin": [
                    11.33659,
                    9.74834,
                    7.90244
                ]
            },
            "faces": {
                "north": {
                    "uv": [
                        0,
                        0,
                        1,
                        1
                    ],
                    "rotation": 270,
                    "texture": "#0"
                },
                "east": {
                    "uv": [
                        0,
                        0,
                        1,
                        1
                    ],
                    "rotation": 270,
                    "texture": "#0"
                },
                "south": {
                    "uv": [
                        0,
                        0,
                        1,
                        1
                    ],
                    "rotation": 90,
                    "texture": "#0"
                },
                "west": {
                    "uv": [
                        0,
                        0,
                        1,
                        1
                    ],
                    "rotation": 270,
                    "texture": "#0"
                },
                "up": {
                    "uv": [
                        0,
                        0,
                        1,
                        1
                    ],
                    "rotation": 90,
                    "texture": "#0"
                },
                "down": {
                    "uv": [
                        0,
                        0,
                        1,
                        1
                    ],
                    "rotation": 90,
                    "texture": "#0"
                }
            }
        },
        {
            "from": [
                8,
                6.75,
                7.79878
            ],
            "to": [
                8.19512,
                8.25,
                8.20122
            ],
            "rotation": {
                "angle": -22.5,
                "axis": "z",
                "origin": [
                    8.09756,
                    7.25,
                    7.95122
                ]
            },
            "faces": {
                "north": {
                    "uv": [
                        0,
                        0,
                        1,
                        1
                    ],
                    "texture": "#0"
                },
                "east": {
                    "uv": [
                        0,
                        0,
                        1,
                        1
                    ],
                    "texture": "#0"
                },
                "south": {
                    "uv": [
                        0,
                        0,
                        1,
                        1
                    ],
                    "texture": "#0"
                },
                "west": {
                    "uv": [
                        0,
                        0,
                        1,
                        1
                    ],
                    "texture": "#0"
                },
                "up": {
                    "uv": [
                        0,
                        0,
                        1,
                        1
                    ],
                    "rotation": 180,
                    "texture": "#0"
                },
                "down": {
                    "uv": [
                        0,
                        0,
                        1,
                        1
                    ],
                    "rotation": 180,
                    "texture": "#0"
                }
            }
        },
        {
            "from": [
                3.66341,
                9.67517,
                7.84756
            ],
            "to": [
                4.16341,
                9.79712,
                8.15244
            ],
            "rotation": {
                "angle": 0,
                "axis": "z",
                "origin": [
                    3.66341,
                    9.79712,
                    8.09756
                ]
            },
            "faces": {
                "north": {
                    "uv": [
                        0,
                        0,
                        1,
                        1
                    ],
                    "rotation": 90,
                    "texture": "#0"
                },
                "east": {
                    "uv": [
                        0,
                        0,
                        1,
                        1
                    ],
                    "rotation": 270,
                    "texture": "#0"
                },
                "south": {
                    "uv": [
                        0,
                        0,
                        1,
                        1
                    ],
                    "rotation": 270,
                    "texture": "#0"
                },
                "west": {
                    "uv": [
                        0,
                        0,
                        1,
                        1
                    ],
                    "rotation": 270,
                    "texture": "#0"
                },
                "up": {
                    "uv": [
                        0,
                        0,
                        1,
                        1
                    ],
                    "rotation": 270,
                    "texture": "#0"
                },
                "down": {
                    "uv": [
                        0,
                        0,
                        1,
                        1
                    ],
                    "rotation": 270,
                    "texture": "#0"
                }
            }
        },
        {
            "from": [
                7.08979,
                7.99578,
                7.75
            ],
            "to": [
                7.28491,
                9.49578,
                8.25
            ],
            "rotation": {
                "angle": 45,
                "axis": "z",
                "origin": [
                    7.18735,
                    8.49578,
                    8
                ]
            },
            "faces": {
                "north": {
                    "uv": [
                        0,
                        0,
                        1,
                        1
                    ],
                    "texture": "#0"
                },
                "east": {
                    "uv": [
                        0,
                        0,
                        1,
                        1
                    ],
                    "texture": "#0"
                },
                "south": {
                    "uv": [
                        0,
                        0,
                        1,
                        1
                    ],
                    "texture": "#0"
                },
                "west": {
                    "uv": [
                        0,
                        0,
                        1,
                        1
                    ],
                    "texture": "#0"
                },
                "up": {
                    "uv": [
                        0,
                        0,
                        1,
                        1
                    ],
                    "texture": "#0"
                },
                "down": {
                    "uv": [
                        0,
                        0,
                        1,
                        1
                    ],
                    "texture": "#0"
                }
            }
        },
        {
            "from": [
                5.04996,
                9.27552,
                7.75
            ],
            "to": [
                6.54996,
                9.47064,
                8.25
            ],
            "rotation": {
                "angle": -22.5,
                "axis": "z",
                "origin": [
                    6.04996,
                    9.37308,
                    8
                ]
            },
            "faces": {
                "north": {
                    "uv": [
                        0,
                        0,
                        1,
                        1
                    ],
                    "rotation": 90,
                    "texture": "#0"
                },
                "south": {
                    "uv": [
                        0,
                        0,
                        1,
                        1
                    ],
                    "rotation": 270,
                    "texture": "#0"
                },
                "west": {
                    "uv": [
                        0,
                        0,
                        1,
                        1
                    ],
                    "rotation": 270,
                    "texture": "#0"
                },
                "up": {
                    "uv": [
                        0,
                        0,
                        1,
                        1
                    ],
                    "rotation": 270,
                    "texture": "#0"
                },
                "down": {
                    "uv": [
                        0,
                        0,
                        1,
                        1
                    ],
                    "rotation": 270,
                    "texture": "#0"
                }
            }
        },
        {
            "from": [
                4.16341,
                9.65078,
                7.79878
            ],
            "to": [
                5.16341,
                9.8459,
                8.20122
            ],
            "rotation": {
                "angle": 0,
                "axis": "z",
                "origin": [
                    4.66341,
                    9.74834,
                    8.09756
                ]
            },
            "faces": {
                "north": {
                    "uv": [
                        0,
                        0,
                        1,
                        1
                    ],
                    "rotation": 90,
                    "texture": "#0"
                },
                "east": {
                    "uv": [
                        0,
                        0,
                        1,
                        1
                    ],
                    "rotation": 270,
                    "texture": "#0"
                },
                "south": {
                    "uv": [
                        0,
                        0,
                        1,
                        1
                    ],
                    "rotation": 270,
                    "texture": "#0"
                },
                "west": {
                    "uv": [
                        0,
                        0,
                        1,
                        1
                    ],
                    "rotation": 270,
                    "texture": "#0"
                },
                "up": {
                    "uv": [
                        0,
                        0,
                        1,
                        1
                    ],
                    "rotation": 270,
                    "texture": "#0"
                },
                "down": {
                    "uv": [
                        0,
                        0,
                        1,
                        1
                    ],
                    "rotation": 270,
                    "texture": "#0"
                }
            }
        },
        {
            "from": [
                7.80488,
                6.75,
                7.79878
            ],
            "to": [
                8,
                8.25,
                8.20122
            ],
            "rotation": {
                "angle": 22.5,
                "axis": "z",
                "origin": [
                    7.90244,
                    7.25,
                    8.04878
                ]
            },
            "faces": {
                "north": {
                    "uv": [
                        0,
                        0,
                        1,
                        1
                    ],
                    "texture": "#0"
                },
                "east": {
                    "uv": [
                        0,
                        0,
                        1,
                        1
                    ],
                    "texture": "#0"
                },
                "south": {
                    "uv": [
                        0,
                        0,
                        1,
                        1
                    ],
                    "texture": "#0"
                },
                "west": {
                    "uv": [
                        0,
                        0,
                        1,
                        1
                    ],
                    "texture": "#0"
                },
                "up": {
                    "uv": [
                        0,
                        0,
                        1,
                        1
                    ],
                    "texture": "#0"
                },
                "down": {
                    "uv": [
                        0,
                        0,
                        1,
                        1
                    ],
                    "texture": "#0"
                }
            }
        },
        {
            "from": [
                11,
                2.19512,
                6
            ],
            "to": [
                14.5,
                5.69512,
                10
            ],
            "faces": {
                "north": {
                    "uv": [
                        9,
                        9,
                        16,
                        16
                    ],
                    "texture": "#0"
                },
                "east": {
                    "uv": [
                        9,
                        9,
                        16,
                        16
                    ],
                    "texture": "#0"
                },
                "south": {
                    "uv": [
                        9,
                        9,
                        16,
                        16
                    ],
                    "texture": "#0"
                },
                "west": {
                    "uv": [
                        9,
                        9,
                        16,
                        16
                    ],
                    "texture": "#0"
                },
                "up": {
                    "uv": [
                        9,
                        9,
                        16,
                        16
                    ],
                    "texture": "#0"
                },
                "down": {
                    "uv": [
                        9,
                        9,
                        16,
                        16
                    ],
                    "texture": "#0"
                }
            }
        },
        {
            "from": [
                13,
                2.69512,
                6.5
            ],
            "to": [
                16.5,
                6.19512,
                10.5
            ],
            "faces": {
                "north": {
                    "uv": [
                        9,
                        9,
                        16,
                        16
                    ],
                    "texture": "#0"
                },
                "east": {
                    "uv": [
                        9,
                        9,
                        16,
                        16
                    ],
                    "texture": "#0"
                },
                "south": {
                    "uv": [
                        9,
                        9,
                        16,
                        16
                    ],
                    "texture": "#0"
                },
                "west": {
                    "uv": [
                        9,
                        9,
                        16,
                        16
                    ],
                    "texture": "#0"
                },
                "up": {
                    "uv": [
                        9,
                        9,
                        16,
                        16
                    ],
                    "texture": "#0"
                },
                "down": {
                    "uv": [
                        9,
                        9,
                        16,
                        16
                    ],
                    "texture": "#0"
                }
            }
        },
        {
            "from": [
                14.5,
                4.19512,
                8.25
            ],
            "to": [
                17.25,
                7.19512,
                11
            ],
            "faces": {
                "north": {
                    "uv": [
                        9,
                        9,
                        16,
                        16
                    ],
                    "texture": "#0"
                },
                "east": {
                    "uv": [
                        9,
                        9,
                        16,
                        16
                    ],
                    "texture": "#0"
                },
                "south": {
                    "uv": [
                        9,
                        9,
                        16,
                        16
                    ],
                    "texture": "#0"
                },
                "west": {
                    "uv": [
                        9,
                        9,
                        16,
                        16
                    ],
                    "texture": "#0"
                },
                "up": {
                    "uv": [
                        9,
                        9,
                        16,
                        16
                    ],
                    "texture": "#0"
                },
                "down": {
                    "uv": [
                        9,
                        9,
                        16,
                        16
                    ],
                    "texture": "#0"
                }
            }
        },
        {
            "from": [
                -1.25,
                4.19512,
                8.25
            ],
            "to": [
                1.5,
                7.19512,
                11
            ],
            "faces": {
                "north": {
                    "uv": [
                        16,
                        9,
                        9,
                        16
                    ],
                    "texture": "#0"
                },
                "east": {
                    "uv": [
                        16,
                        9,
                        9,
                        16
                    ],
                    "texture": "#0"
                },
                "south": {
                    "uv": [
                        16,
                        9,
                        9,
                        16
                    ],
                    "texture": "#0"
                },
                "west": {
                    "uv": [
                        16,
                        9,
                        9,
                        16
                    ],
                    "texture": "#0"
                },
                "up": {
                    "uv": [
                        16,
                        9,
                        9,
                        16
                    ],
                    "texture": "#0"
                },
                "down": {
                    "uv": [
                        16,
                        9,
                        9,
                        16
                    ],
                    "texture": "#0"
                }
            }
        },
        {
            "from": [
                -0.5,
                2.69512,
                6.5
            ],
            "to": [
                3,
                6.19512,
                10.5
            ],
            "faces": {
                "north": {
                    "uv": [
                        16,
                        9,
                        9,
                        16
                    ],
                    "texture": "#0"
                },
                "east": {
                    "uv": [
                        16,
                        9,
                        9,
                        16
                    ],
                    "texture": "#0"
                },
                "south": {
                    "uv": [
                        16,
                        9,
                        9,
                        16
                    ],
                    "texture": "#0"
                },
                "west": {
                    "uv": [
                        16,
                        9,
                        9,
                        16
                    ],
                    "texture": "#0"
                },
                "up": {
                    "uv": [
                        16,
                        9,
                        9,
                        16
                    ],
                    "texture": "#0"
                },
                "down": {
                    "uv": [
                        16,
                        9,
                        9,
                        16
                    ],
                    "texture": "#0"
                }
            }
        },
        {
            "from": [
                1.5,
                2.19512,
                6
            ],
            "to": [
                5,
                5.69512,
                10
            ],
            "faces": {
                "north": {
                    "uv": [
                        16,
                        9,
                        9,
                        16
                    ],
                    "texture": "#0"
                },
                "east": {
                    "uv": [
                        16,
                        9,
                        9,
                        16
                    ],
                    "texture": "#0"
                },
                "south": {
                    "uv": [
                        16,
                        9,
                        9,
                        16
                    ],
                    "texture": "#0"
                },
                "west": {
                    "uv": [
                        16,
                        9,
                        9,
                        16
                    ],
                    "texture": "#0"
                },
                "up": {
                    "uv": [
                        16,
                        9,
                        9,
                        16
                    ],
                    "texture": "#0"
                },
                "down": {
                    "uv": [
                        16,
                        9,
                        9,
                        16
                    ],
                    "texture": "#0"
                }
            }
        }
    ],
    "display": {
        "thirdperson_righthand": {
            "rotation": [
                83,
                0,
                0
            ],
            "translation": [
                1,
                -1,
                18
            ]
        },
        "thirdperson_lefthand": {
            "rotation": [
                83,
                0,
                0
            ],
            "translation": [
                1,
                -1,
                18
            ]
        },
        "firstperson_righthand": {
            "translation": [
                0,
                -32,
                32
            ]
        },
        "firstperson_lefthand": {
            "translation": [
                0,
                -32,
                32
            ]
        },
        "ground": {
            "translation": [
                0,
                3,
                0
            ]
        },
        "gui": {
            "rotation": [
                -9,
                140,
                25
            ],
            "translation": [
                0.5,
                3,
                0
            ]
        },
        "head": {
            "translation": [
                0,
                12.9,
                -6
            ]
        },
        "fixed": {
            "translation": [
                0,
                3,
                0
            ]
        }
    },
    "groups": [
        0,
        1,
        2,
        3,
        {
            "name": "Feet",
            "origin": [
                8,
                8,
                8
            ],
            "children": [
                4,
                5,
                6,
                7,
                8,
                9
            ]
        },
        {
            "name": "Schnabel",
            "origin": [
                8,
                8,
                8
            ],
            "children": [
                10,
                11
            ]
        },
        12,
        13,
        {
            "name": "group",
            "origin": [
                8,
                8,
                8
            ],
            "children": [
                14,
                15,
                16,
                17,
                18
            ]
        },
        {
            "name": "group",
            "origin": [
                8,
                8,
                8
            ],
            "children": [
                19,
                20,
                21,
                22,
                23
            ]
        },
        24,
        25,
        26,
        27,
        28,
        29
    ]
}