{
    "textures": {
        "0": "hotbar_pets:item/train",
        "particle": "hotbar_pets:item/train"
    },
    "elements": [
        {
            "name": "kettle",
            "from": [
                6,
                4.171875,
                0
            ],
            "to": [
                10,
                5.828125,
                11
            ],
            "faces": {
                "north": {
                    "uv": [
                        10.5625,
                        0.0625,
                        10.96875,
                        0.4375
                    ],
                    "texture": "#0"
                },
                "east": {
                    "uv": [
                        10.532,
                        2.032,
                        15.968,
                        2.968
                    ],
                    "texture": "#0"
                },
                "west": {
                    "uv": [
                        10.532,
                        2.032,
                        15.90625,
                        2.93671875
                    ],
                    "texture": "#0"
                }
            },
            "rotation": {
                "origin": [
                    8,
                    5,
                    0.5
                ],
                "axis": "y",
                "angle": 0
            },
            "type": "cube"
        },
        {
            "name": "kettle",
            "from": [
                6,
                4.171875,
                0
            ],
            "to": [
                10,
                5.828125,
                11
            ],
            "faces": {
                "north": {
                    "uv": [
                        10.5625,
                        0.0625,
                        10.96875,
                        0.4375
                    ],
                    "texture": "#0"
                },
                "east": {
                    "uv": [
                        10.532,
                        0.032,
                        15.968,
                        0.968
                    ],
                    "texture": "#0"
                },
                "west": {
                    "uv": [
                        10.59375,
                        3.032,
                        15.96875,
                        3.90625
                    ],
                    "texture": "#0"
                }
            },
            "rotation": {
                "origin": [
                    8,
                    5,
                    0.5
                ],
                "axis": "z",
                "angle": -45
            },
            "type": "cube"
        },
        {
            "name": "kettle",
            "from": [
                7.171875,
                3,
                0
            ],
            "to": [
                8.828125,
                7,
                11
            ],
            "faces": {
                "north": {
                    "uv": [
                        10.5625,
                        0.0625,
                        10.96875,
                        0.4375
                    ],
                    "texture": "#0"
                },
                "up": {
                    "uv": [
                        10.532,
                        0.532,
                        15.968,
                        1.468
                    ],
                    "texture": "#0",
                    "rotation": 90
                },
                "down": {
                    "uv": [
                        10.532,
                        0.032,
                        15.968,
                        0.968
                    ],
                    "texture": "#0",
                    "rotation": 90
                }
            },
            "rotation": {
                "origin": [
                    8,
                    5,
                    0.5
                ],
                "axis": "x",
                "angle": 0
            },
            "type": "cube"
        },
        {
            "name": "kettle",
            "from": [
                7.171875,
                3,
                0
            ],
            "to": [
                8.828125,
                7,
                11
            ],
            "faces": {
                "north": {
                    "uv": [
                        10.5625,
                        0.0625,
                        10.96875,
                        0.4375
                    ],
                    "texture": "#0"
                },
                "up": {
                    "uv": [
                        10.532,
                        1.532,
                        15.968,
                        2.468
                    ],
                    "texture": "#0",
                    "rotation": 90
                },
                "down": {
                    "uv": [
                        10.532,
                        0.032,
                        15.968,
                        0.968
                    ],
                    "texture": "#0",
                    "rotation": 90
                }
            },
            "rotation": {
                "origin": [
                    8,
                    5,
                    0.5
                ],
                "axis": "z",
                "angle": -45
            },
            "type": "cube"
        },
        {
            "name": "cube",
            "from": [
                6,
                1,
                0
            ],
            "to": [
                10,
                3,
                15
            ],
            "faces": {
                "north": {
                    "uv": [
                        8.532,
                        7.032,
                        10.468,
                        7.968
                    ],
                    "texture": "#0"
                },
                "east": {
                    "uv": [
                        8.532,
                        7.032,
                        15.968,
                        7.968
                    ],
                    "texture": "#0"
                },
                "south": {
                    "uv": [
                        8.532,
                        7.032,
                        10.468,
                        7.968
                    ],
                    "texture": "#0"
                },
                "west": {
                    "uv": [
                        8.532,
                        7.032,
                        15.968,
                        7.968
                    ],
                    "texture": "#0"
                },
                "up": {
                    "uv": [
                        8.532,
                        6.032,
                        15.968,
                        7.968
                    ],
                    "texture": "#0",
                    "rotation": 90
                },
                "down": {
                    "uv": [
                        8.532,
                        6.032,
                        15.968,
                        7.968
                    ],
                    "texture": "#0",
                    "rotation": 90
                }
            },
            "rotation": {
                "origin": [
                    8,
                    5,
                    0.5
                ],
                "axis": "x",
                "angle": 0
            },
            "type": "cube"
        },
        {
            "name": "cabin",
            "from": [
                4,
                3,
                11
            ],
            "to": [
                12,
                9,
                16
            ],
            "faces": {
                "north": {
                    "uv": [
                        0.032,
                        0.032,
                        3.968,
                        2.968
                    ],
                    "texture": "#0"
                },
                "east": {
                    "uv": [
                        4.032,
                        0.032,
                        6.468,
                        2.968
                    ],
                    "texture": "#0"
                },
                "south": {
                    "uv": [
                        6.532,
                        0.032,
                        10.468,
                        2.968
                    ],
                    "texture": "#0"
                },
                "west": {
                    "uv": [
                        4.032,
                        0.032,
                        6.468,
                        2.968
                    ],
                    "texture": "#0"
                },
                "down": {
                    "uv": [
                        6.532,
                        0.032,
                        10.4359375,
                        2.9359375
                    ],
                    "texture": "#0"
                }
            },
            "rotation": {
                "origin": [
                    8,
                    5,
                    0.5
                ],
                "axis": "x",
                "angle": 0
            },
            "type": "cube"
        },
        {
            "name": "panel",
            "from": [
                4,
                3,
                2
            ],
            "to": [
                6,
                4,
                11
            ],
            "faces": {
                "north": {
                    "uv": [
                        14.032,
                        4.032,
                        14.968,
                        4.468
                    ],
                    "texture": "#0"
                },
                "south": {
                    "uv": [
                        14.032,
                        4.032,
                        14.968,
                        4.468
                    ],
                    "texture": "#0"
                },
                "west": {
                    "uv": [
                        11.532,
                        4.032,
                        15.968,
                        4.468
                    ],
                    "texture": "#0",
                    "rotation": 180
                },
                "up": {
                    "uv": [
                        11.532,
                        4.032,
                        15.968,
                        4.968
                    ],
                    "texture": "#0",
                    "rotation": 90
                },
                "down": {
                    "uv": [
                        11.532,
                        4.032,
                        15.968,
                        4.968
                    ],
                    "texture": "#0",
                    "rotation": 270
                }
            },
            "rotation": {
                "origin": [
                    8,
                    5,
                    0.5
                ],
                "axis": "x",
                "angle": 0
            },
            "type": "cube"
        },
        {
            "name": "panel",
            "from": [
                10,
                3,
                2
            ],
            "to": [
                12,
                4,
                11
            ],
            "faces": {
                "north": {
                    "uv": [
                        14.032,
                        4.032,
                        14.968,
                        4.468
                    ],
                    "texture": "#0"
                },
                "east": {
                    "uv": [
                        11.532,
                        4.032,
                        15.968,
                        4.468
                    ],
                    "texture": "#0",
                    "rotation": 180
                },
                "south": {
                    "uv": [
                        14.032,
                        4.032,
                        14.968,
                        4.468
                    ],
                    "texture": "#0"
                },
                "west": {
                    "uv": [
                        11.532,
                        4.032,
                        15.968,
                        4.468
                    ],
                    "texture": "#0",
                    "rotation": 270
                },
                "up": {
                    "uv": [
                        11.532,
                        4.032,
                        15.968,
                        4.968
                    ],
                    "texture": "#0",
                    "rotation": 270
                },
                "down": {
                    "uv": [
                        11.532,
                        4.032,
                        15.968,
                        4.968
                    ],
                    "texture": "#0",
                    "rotation": 90
                }
            },
            "rotation": {
                "origin": [
                    8,
                    5,
                    0.5
                ],
                "axis": "x",
                "angle": 0
            },
            "type": "cube"
        },
        {
            "name": "roof",
            "from": [
                3.9958093621178,
                9.9937282671963,
                10.5
            ],
            "to": [
                6.9958093621178,
                10.993728267196,
                16.5
            ],
            "faces": {
                "north": {
                    "uv": [
                        3.532,
                        5.532,
                        4.9359681372549,
                        5.9359681372549
                    ],
                    "texture": "#0"
                },
                "south": {
                    "uv": [
                        0.032,
                        5.532,
                        1.468,
                        5.968
                    ],
                    "texture": "#0"
                },
                "west": {
                    "uv": [
                        0.032,
                        3.032,
                        0.468,
                        5.968
                    ],
                    "texture": "#0",
                    "rotation": 90
                },
                "up": {
                    "uv": [
                        0.03125,
                        3.032,
                        1.4375,
                        5.875
                    ],
                    "texture": "#0"
                },
                "down": {
                    "uv": [
                        3.532,
                        3.032,
                        4.90625,
                        5.968
                    ],
                    "texture": "#0"
                }
            },
            "rotation": {
                "origin": [
                    8.9958093621178,
                    7.9937282671963,
                    22.5
                ],
                "axis": "z",
                "angle": 22.5
            },
            "type": "cube"
        },
        {
            "name": "roof",
            "from": [
                6,
                9,
                10.5
            ],
            "to": [
                10,
                10,
                16.5
            ],
            "faces": {
                "north": {
                    "uv": [
                        1.06,
                        5.56,
                        2.94,
                        5.94
                    ],
                    "texture": "#0"
                },
                "south": {
                    "uv": [
                        1.032,
                        5.532,
                        2.968,
                        5.968
                    ],
                    "texture": "#0"
                },
                "up": {
                    "uv": [
                        1.532,
                        3.032,
                        3.40625,
                        5.875
                    ],
                    "texture": "#0"
                },
                "down": {
                    "uv": [
                        1.532,
                        3.032,
                        3.40625,
                        5.875
                    ],
                    "texture": "#0"
                }
            },
            "type": "cube"
        },
        {
            "name": "roof",
            "from": [
                8.8519497029047,
                9.2283614024661,
                10.5
            ],
            "to": [
                11.851949702905,
                10.228361402466,
                16.5
            ],
            "faces": {
                "north": {
                    "uv": [
                        0.06,
                        5.56,
                        1.44,
                        5.94
                    ],
                    "texture": "#0"
                },
                "east": {
                    "uv": [
                        4.56,
                        3.06,
                        4.94,
                        5.94
                    ],
                    "texture": "#0",
                    "rotation": 90
                },
                "south": {
                    "uv": [
                        2.56,
                        5.56,
                        3.94,
                        5.94
                    ],
                    "texture": "#0"
                },
                "west": {
                    "uv": [
                        0.032,
                        0.032,
                        0.968,
                        0.968
                    ],
                    "texture": "#0"
                },
                "up": {
                    "uv": [
                        3.532,
                        3.032,
                        4.90625,
                        5.968
                    ],
                    "texture": "#0"
                },
                "down": {
                    "uv": [
                        0.03125,
                        3.032,
                        1.4375,
                        5.875
                    ],
                    "texture": "#0"
                }
            },
            "rotation": {
                "origin": [
                    8.8519497029047,
                    7.2283614024661,
                    22.5
                ],
                "axis": "z",
                "angle": -22.5
            },
            "type": "cube"
        },
        {
            "name": "exhaust",
            "from": [
                7,
                6.5,
                3
            ],
            "to": [
                9,
                9.5,
                5
            ],
            "faces": {
                "north": {
                    "uv": [
                        5.032,
                        3.032,
                        5.968,
                        4.468
                    ],
                    "texture": "#0"
                },
                "east": {
                    "uv": [
                        5.532,
                        3.032,
                        6.468,
                        4.468
                    ],
                    "texture": "#0"
                },
                "south": {
                    "uv": [
                        5.532,
                        3.032,
                        6.468,
                        4.468
                    ],
                    "texture": "#0"
                },
                "west": {
                    "uv": [
                        5.532,
                        3.032,
                        6.468,
                        4.468
                    ],
                    "texture": "#0"
                },
                "up": {
                    "uv": [
                        5.032,
                        3.032,
                        5.968,
                        3.968
                    ],
                    "texture": "#0",
                    "rotation": 180
                }
            },
            "type": "cube"
        },
        {
            "name": "exhaust",
            "from": [
                7.5,
                7,
                8
            ],
            "to": [
                8.5,
                9,
                9
            ],
            "faces": {
                "north": {
                    "uv": [
                        5.4356617647059,
                        4.531862745098,
                        5.9356617647059,
                        5.4356617647059
                    ],
                    "texture": "#0"
                },
                "east": {
                    "uv": [
                        6.52,
                        4.52,
                        6.9237990196078,
                        5.4237990196078
                    ],
                    "texture": "#0"
                },
                "south": {
                    "uv": [
                        5.031862745098,
                        4.531862745098,
                        5.4356617647059,
                        5.4356617647059
                    ],
                    "texture": "#0"
                },
                "west": {
                    "uv": [
                        6.031862745098,
                        4.531862745098,
                        6.4356617647059,
                        5.4356617647059
                    ],
                    "texture": "#0"
                },
                "up": {
                    "uv": [
                        5.031862745098,
                        4.531862745098,
                        5.4356617647059,
                        4.9356617647059
                    ],
                    "texture": "#0"
                },
                "down": {
                    "uv": [
                        5.032,
                        4.532,
                        5.9359375,
                        5.4359375
                    ],
                    "texture": "#0"
                }
            },
            "type": "cube"
        },
        {
            "name": "exhaust",
            "from": [
                7.5,
                7,
                1
            ],
            "to": [
                8.5,
                8,
                2
            ],
            "faces": {
                "north": {
                    "uv": [
                        5.032,
                        4.532,
                        5.468,
                        4.968
                    ],
                    "texture": "#0"
                },
                "east": {
                    "uv": [
                        6.032,
                        4.532,
                        6.468,
                        4.968
                    ],
                    "texture": "#0"
                },
                "south": {
                    "uv": [
                        5.031862745098,
                        4.531862745098,
                        5.4356617647059,
                        4.9356617647059
                    ],
                    "texture": "#0"
                },
                "west": {
                    "uv": [
                        6.532,
                        5.032,
                        6.968,
                        5.468
                    ],
                    "texture": "#0"
                },
                "up": {
                    "uv": [
                        6.532,
                        5.032,
                        6.968,
                        5.468
                    ],
                    "texture": "#0"
                },
                "down": {
                    "uv": [
                        6.532,
                        5.032,
                        6.968,
                        5.468
                    ],
                    "texture": "#0"
                }
            },
            "type": "cube"
        },
        {
            "name": "bumper",
            "from": [
                4,
                1.5,
                1
            ],
            "to": [
                12,
                3.5,
                2
            ],
            "faces": {
                "north": {
                    "uv": [
                        11.032,
                        7.532,
                        14.968,
                        8.468
                    ],
                    "texture": "#0"
                },
                "east": {
                    "uv": [
                        11.032,
                        7.032,
                        11.468,
                        7.968
                    ],
                    "texture": "#0"
                },
                "south": {
                    "uv": [
                        11.032,
                        7.532,
                        14.968,
                        8.468
                    ],
                    "texture": "#0"
                },
                "west": {
                    "uv": [
                        11.032,
                        7.032,
                        11.468,
                        7.968
                    ],
                    "texture": "#0"
                },
                "up": {
                    "uv": [
                        11.032,
                        7.532,
                        14.968,
                        7.968
                    ],
                    "texture": "#0"
                },
                "down": {
                    "uv": [
                        11.032,
                        7.532,
                        14.968,
                        7.968
                    ],
                    "texture": "#0"
                }
            },
            "type": "cube"
        },
        {
            "name": "main_wheels",
            "from": [
                4.5,
                0,
                2.5
            ],
            "to": [
                5.5,
                2.5,
                5
            ],
            "faces": {
                "north": {
                    "uv": [
                        1.532,
                        6.032,
                        1.968,
                        7.468
                    ],
                    "texture": "#0"
                },
                "east": {
                    "uv": [
                        0.032,
                        6.032,
                        1.468,
                        7.468
                    ],
                    "texture": "#0"
                },
                "south": {
                    "uv": [
                        1.532,
                        6.032,
                        1.968,
                        7.468
                    ],
                    "texture": "#0"
                },
                "west": {
                    "uv": [
                        0.032,
                        6.032,
                        1.468,
                        7.468
                    ],
                    "texture": "#0"
                },
                "up": {
                    "uv": [
                        0.032,
                        7.532,
                        1.468,
                        7.968
                    ],
                    "texture": "#0"
                },
                "down": {
                    "uv": [
                        0.032,
                        7.532,
                        1.468,
                        7.968
                    ],
                    "texture": "#0"
                }
            },
            "type": "cube"
        },
        {
            "name": "main_wheels",
            "from": [
                4.5,
                0,
                5.5
            ],
            "to": [
                5.5,
                2.5,
                8
            ],
            "faces": {
                "north": {
                    "uv": [
                        1.532,
                        6.032,
                        1.968,
                        7.468
                    ],
                    "texture": "#0"
                },
                "east": {
                    "uv": [
                        0.032,
                        6.032,
                        1.468,
                        7.468
                    ],
                    "texture": "#0"
                },
                "south": {
                    "uv": [
                        1.532,
                        6.032,
                        1.968,
                        7.468
                    ],
                    "texture": "#0"
                },
                "west": {
                    "uv": [
                        0.032,
                        6.032,
                        1.468,
                        7.468
                    ],
                    "texture": "#0"
                },
                "up": {
                    "uv": [
                        0.032,
                        7.532,
                        1.468,
                        7.968
                    ],
                    "texture": "#0"
                },
                "down": {
                    "uv": [
                        0.032,
                        7.532,
                        1.468,
                        7.968
                    ],
                    "texture": "#0"
                }
            },
            "type": "cube"
        },
        {
            "name": "main_wheels",
            "from": [
                4.5,
                0,
                8.5
            ],
            "to": [
                5.5,
                2.5,
                11
            ],
            "faces": {
                "north": {
                    "uv": [
                        1.532,
                        6.032,
                        1.968,
                        7.468
                    ],
                    "texture": "#0"
                },
                "east": {
                    "uv": [
                        0.032,
                        6.032,
                        1.468,
                        7.468
                    ],
                    "texture": "#0"
                },
                "south": {
                    "uv": [
                        1.532,
                        6.032,
                        1.968,
                        7.468
                    ],
                    "texture": "#0"
                },
                "west": {
                    "uv": [
                        0.032,
                        6.032,
                        1.468,
                        7.468
                    ],
                    "texture": "#0"
                },
                "up": {
                    "uv": [
                        0.032,
                        7.532,
                        1.468,
                        7.968
                    ],
                    "texture": "#0"
                },
                "down": {
                    "uv": [
                        0.032,
                        7.532,
                        1.468,
                        7.968
                    ],
                    "texture": "#0"
                }
            },
            "type": "cube"
        },
        {
            "name": "main_wheels",
            "from": [
                10.5,
                0,
                8.5
            ],
            "to": [
                11.5,
                2.5,
                11
            ],
            "faces": {
                "north": {
                    "uv": [
                        1.532,
                        6.032,
                        1.968,
                        7.468
                    ],
                    "texture": "#0"
                },
                "east": {
                    "uv": [
                        0.032,
                        6.032,
                        1.468,
                        7.468
                    ],
                    "texture": "#0"
                },
                "south": {
                    "uv": [
                        1.532,
                        6.032,
                        1.968,
                        7.468
                    ],
                    "texture": "#0"
                },
                "west": {
                    "uv": [
                        0.032,
                        6.032,
                        1.468,
                        7.468
                    ],
                    "texture": "#0"
                },
                "up": {
                    "uv": [
                        0.032,
                        7.532,
                        1.468,
                        7.968
                    ],
                    "texture": "#0"
                },
                "down": {
                    "uv": [
                        0.032,
                        7.532,
                        1.468,
                        7.968
                    ],
                    "texture": "#0"
                }
            },
            "type": "cube"
        },
        {
            "name": "main_wheels",
            "from": [
                10.5,
                0,
                5.5
            ],
            "to": [
                11.5,
                2.5,
                8
            ],
            "faces": {
                "north": {
                    "uv": [
                        1.532,
                        6.032,
                        1.968,
                        7.468
                    ],
                    "texture": "#0"
                },
                "east": {
                    "uv": [
                        0.032,
                        6.032,
                        1.468,
                        7.468
                    ],
                    "texture": "#0"
                },
                "south": {
                    "uv": [
                        1.532,
                        6.032,
                        1.968,
                        7.468
                    ],
                    "texture": "#0"
                },
                "west": {
                    "uv": [
                        0.032,
                        6.032,
                        1.468,
                        7.468
                    ],
                    "texture": "#0"
                },
                "up": {
                    "uv": [
                        0.032,
                        7.532,
                        1.468,
                        7.968
                    ],
                    "texture": "#0"
                },
                "down": {
                    "uv": [
                        0.032,
                        7.532,
                        1.468,
                        7.968
                    ],
                    "texture": "#0"
                }
            },
            "type": "cube"
        },
        {
            "name": "main_wheels",
            "from": [
                10.5,
                0,
                2.5
            ],
            "to": [
                11.5,
                2.5,
                5
            ],
            "faces": {
                "north": {
                    "uv": [
                        1.532,
                        6.032,
                        1.968,
                        7.468
                    ],
                    "texture": "#0"
                },
                "east": {
                    "uv": [
                        0.032,
                        6.032,
                        1.468,
                        7.468
                    ],
                    "texture": "#0"
                },
                "south": {
                    "uv": [
                        1.532,
                        6.032,
                        1.968,
                        7.468
                    ],
                    "texture": "#0"
                },
                "west": {
                    "uv": [
                        0.032,
                        6.032,
                        1.468,
                        7.468
                    ],
                    "texture": "#0"
                },
                "up": {
                    "uv": [
                        0.032,
                        7.532,
                        1.468,
                        7.968
                    ],
                    "texture": "#0"
                },
                "down": {
                    "uv": [
                        0.032,
                        7.532,
                        1.468,
                        7.968
                    ],
                    "texture": "#0"
                }
            },
            "type": "cube"
        },
        {
            "name": "back_wheels",
            "from": [
                10.5,
                0,
                12.5
            ],
            "to": [
                11.5,
                2,
                14.5
            ],
            "faces": {
                "north": {
                    "uv": [
                        1.532,
                        6.032,
                        1.968,
                        7.468
                    ],
                    "texture": "#0"
                },
                "east": {
                    "uv": [
                        0.032,
                        6.032,
                        1.468,
                        7.468
                    ],
                    "texture": "#0"
                },
                "south": {
                    "uv": [
                        1.532,
                        6.032,
                        1.968,
                        7.468
                    ],
                    "texture": "#0"
                },
                "west": {
                    "uv": [
                        0.032,
                        6.032,
                        1.468,
                        7.468
                    ],
                    "texture": "#0"
                },
                "up": {
                    "uv": [
                        0.032,
                        7.532,
                        1.468,
                        7.968
                    ],
                    "texture": "#0"
                },
                "down": {
                    "uv": [
                        0.032,
                        7.532,
                        1.468,
                        7.968
                    ],
                    "texture": "#0"
                }
            },
            "type": "cube"
        },
        {
            "name": "back_wheels",
            "from": [
                4.5,
                0,
                12.5
            ],
            "to": [
                5.5,
                2,
                14.5
            ],
            "faces": {
                "north": {
                    "uv": [
                        1.532,
                        6.032,
                        1.968,
                        7.468
                    ],
                    "texture": "#0"
                },
                "east": {
                    "uv": [
                        0.032,
                        6.032,
                        1.468,
                        7.468
                    ],
                    "texture": "#0"
                },
                "south": {
                    "uv": [
                        1.532,
                        6.032,
                        1.968,
                        7.468
                    ],
                    "texture": "#0"
                },
                "west": {
                    "uv": [
                        0.032,
                        6.032,
                        1.468,
                        7.468
                    ],
                    "texture": "#0"
                },
                "up": {
                    "uv": [
                        0.032,
                        7.532,
                        1.468,
                        7.968
                    ],
                    "texture": "#0"
                },
                "down": {
                    "uv": [
                        0.032,
                        7.532,
                        1.468,
                        7.968
                    ],
                    "texture": "#0"
                }
            },
            "type": "cube"
        },
        {
            "name": "wheel_connector",
            "from": [
                4,
                1,
                3
            ],
            "to": [
                5,
                2,
                10
            ],
            "faces": {
                "north": {
                    "uv": [
                        2.032,
                        6.032,
                        2.468,
                        6.468
                    ],
                    "texture": "#0",
                    "rotation": 180
                },
                "east": {
                    "uv": [
                        2.532,
                        6.032,
                        5.968,
                        6.468
                    ],
                    "texture": "#0"
                },
                "south": {
                    "uv": [
                        2.032,
                        6.032,
                        2.468,
                        6.468
                    ],
                    "texture": "#0"
                },
                "west": {
                    "uv": [
                        2.532,
                        6.032,
                        5.968,
                        6.468
                    ],
                    "texture": "#0"
                },
                "up": {
                    "uv": [
                        2.532,
                        6.032,
                        5.968,
                        6.468
                    ],
                    "texture": "#0",
                    "rotation": 90
                },
                "down": {
                    "uv": [
                        2.532,
                        6.032,
                        5.968,
                        6.468
                    ],
                    "texture": "#0",
                    "rotation": 180
                }
            },
            "rotation": {
                "origin": [
                    8,
                    5,
                    0.5
                ],
                "axis": "x",
                "angle": 0
            },
            "type": "cube"
        },
        {
            "name": "wheel_connector",
            "from": [
                11,
                1,
                3
            ],
            "to": [
                12,
                2,
                10
            ],
            "faces": {
                "north": {
                    "uv": [
                        2.032,
                        6.032,
                        2.468,
                        6.468
                    ],
                    "texture": "#0",
                    "rotation": 180
                },
                "east": {
                    "uv": [
                        2.532,
                        6.032,
                        5.968,
                        6.468
                    ],
                    "texture": "#0"
                },
                "south": {
                    "uv": [
                        2.032,
                        6.032,
                        2.468,
                        6.468
                    ],
                    "texture": "#0"
                },
                "west": {
                    "uv": [
                        2.532,
                        6.032,
                        5.968,
                        6.468
                    ],
                    "texture": "#0"
                },
                "up": {
                    "uv": [
                        2.532,
                        6.032,
                        5.968,
                        6.468
                    ],
                    "texture": "#0",
                    "rotation": 90
                },
                "down": {
                    "uv": [
                        2.532,
                        6.032,
                        5.968,
                        6.468
                    ],
                    "texture": "#0",
                    "rotation": 180
                }
            },
            "rotation": {
                "origin": [
                    8,
                    5,
                    0.5
                ],
                "axis": "x",
                "angle": 0
            },
            "type": "cube"
        },
        {
            "name": "back_wheels",
            "from": [
                5.5,
                0.5,
                13
            ],
            "to": [
                10.5,
                1.5,
                14
            ],
            "faces": {
                "north": {
                    "uv": [
                        11.532,
                        4.032,
                        13.968,
                        4.468
                    ],
                    "texture": "#0"
                },
                "east": {
                    "uv": [
                        11.532,
                        4.032,
                        11.968,
                        4.468
                    ],
                    "texture": "#0"
                },
                "south": {
                    "uv": [
                        11.532,
                        4.032,
                        13.968,
                        4.468
                    ],
                    "texture": "#0"
                },
                "west": {
                    "uv": [
                        11.532,
                        4.032,
                        11.968,
                        4.468
                    ],
                    "texture": "#0"
                },
                "up": {
                    "uv": [
                        11.532,
                        4.032,
                        13.968,
                        4.468
                    ],
                    "texture": "#0"
                },
                "down": {
                    "uv": [
                        11.532,
                        4.032,
                        13.968,
                        4.468
                    ],
                    "texture": "#0"
                }
            },
            "type": "cube"
        },
        {
            "name": "tube",
            "from": [
                3.90625,
                2.5,
                12.5
            ],
            "to": [
                4.90625,
                3.5,
                16.5
            ],
            "faces": {
                "north": {
                    "uv": [
                        2.032,
                        7.032,
                        2.468,
                        7.468
                    ],
                    "texture": "#0"
                },
                "east": {
                    "uv": [
                        2.031862745098,
                        7.031862745098,
                        3.9678308823529,
                        7.4678308823529
                    ],
                    "texture": "#0"
                },
                "south": {
                    "uv": [
                        2.032,
                        7.032,
                        2.468,
                        7.468
                    ],
                    "texture": "#0"
                },
                "west": {
                    "uv": [
                        2.031862745098,
                        7.031862745098,
                        3.9678308823529,
                        7.4678308823529
                    ],
                    "texture": "#0",
                    "rotation": 180
                },
                "up": {
                    "uv": [
                        2.031862745098,
                        7.031862745098,
                        3.9678308823529,
                        7.4678308823529
                    ],
                    "texture": "#0",
                    "rotation": 270
                },
                "down": {
                    "uv": [
                        2.031862745098,
                        7.031862745098,
                        3.9678308823529,
                        7.4678308823529
                    ],
                    "texture": "#0",
                    "rotation": 90
                }
            },
            "type": "cube"
        },
        {
            "name": "tube",
            "from": [
                11.09375,
                2.5,
                12.5
            ],
            "to": [
                12.09375,
                3.5,
                16.5
            ],
            "faces": {
                "north": {
                    "uv": [
                        2.032,
                        7.032,
                        2.468,
                        7.468
                    ],
                    "texture": "#0"
                },
                "east": {
                    "uv": [
                        2.031862745098,
                        7.031862745098,
                        3.9678308823529,
                        7.4678308823529
                    ],
                    "texture": "#0"
                },
                "south": {
                    "uv": [
                        2.032,
                        7.032,
                        2.468,
                        7.468
                    ],
                    "texture": "#0"
                },
                "west": {
                    "uv": [
                        2.031862745098,
                        7.031862745098,
                        3.9678308823529,
                        7.4678308823529
                    ],
                    "texture": "#0",
                    "rotation": 180
                },
                "up": {
                    "uv": [
                        2.031862745098,
                        7.031862745098,
                        3.9678308823529,
                        7.4678308823529
                    ],
                    "texture": "#0",
                    "rotation": 270
                },
                "down": {
                    "uv": [
                        2.031862745098,
                        7.031862745098,
                        3.9678308823529,
                        7.4678308823529
                    ],
                    "texture": "#0",
                    "rotation": 90
                }
            },
            "type": "cube"
        },
        {
            "name": "wheel_connector",
            "from": [
                6,
                2,
                15
            ],
            "to": [
                6.5,
                2.5,
                17
            ],
            "faces": {
                "north": {
                    "uv": [
                        15.032,
                        7.532,
                        15.468,
                        7.968
                    ],
                    "texture": "#0"
                },
                "east": {
                    "uv": [
                        13.532,
                        7.532,
                        15.468,
                        7.968
                    ],
                    "texture": "#0"
                },
                "south": {
                    "uv": [
                        13.532,
                        7.532,
                        13.968,
                        7.968
                    ],
                    "texture": "#0"
                },
                "west": {
                    "uv": [
                        13.532,
                        7.532,
                        15.468,
                        7.968
                    ],
                    "texture": "#0"
                },
                "up": {
                    "uv": [
                        13.532,
                        7.532,
                        15.468,
                        7.968
                    ],
                    "texture": "#0",
                    "rotation": 90
                },
                "down": {
                    "uv": [
                        13.532,
                        7.532,
                        15.468,
                        7.968
                    ],
                    "texture": "#0",
                    "rotation": 270
                }
            },
            "rotation": {
                "origin": [
                    8,
                    5,
                    0.5
                ],
                "axis": "x",
                "angle": 0
            },
            "type": "cube"
        },
        {
            "name": "wheel_connector",
            "from": [
                9.5,
                2,
                15
            ],
            "to": [
                10,
                2.5,
                17
            ],
            "faces": {
                "north": {
                    "uv": [
                        15.032,
                        7.532,
                        15.468,
                        7.968
                    ],
                    "texture": "#0"
                },
                "east": {
                    "uv": [
                        13.532,
                        7.532,
                        15.468,
                        7.968
                    ],
                    "texture": "#0"
                },
                "south": {
                    "uv": [
                        13.532,
                        7.532,
                        13.968,
                        7.968
                    ],
                    "texture": "#0"
                },
                "west": {
                    "uv": [
                        13.532,
                        7.532,
                        15.468,
                        7.968
                    ],
                    "texture": "#0"
                },
                "up": {
                    "uv": [
                        13.532,
                        7.532,
                        15.468,
                        7.968
                    ],
                    "texture": "#0",
                    "rotation": 90
                },
                "down": {
                    "uv": [
                        13.532,
                        7.532,
                        15.468,
                        7.968
                    ],
                    "texture": "#0",
                    "rotation": 270
                }
            },
            "rotation": {
                "origin": [
                    8,
                    5,
                    0.5
                ],
                "axis": "x",
                "angle": 0
            },
            "type": "cube"
        },
        {
            "name": "cube",
            "from": [
                9,
                1.5,
                17
            ],
            "to": [
                10.5,
                3,
                17.5
            ],
            "faces": {
                "north": {
                    "uv": [
                        4.5,
                        7.5,
                        6,
                        9
                    ],
                    "texture": "#0"
                },
                "east": {
                    "uv": [
                        6,
                        7.5,
                        6.5,
                        9
                    ],
                    "texture": "#0"
                },
                "south": {
                    "uv": [
                        4.5,
                        7.5,
                        6,
                        9
                    ],
                    "texture": "#0"
                },
                "west": {
                    "uv": [
                        6,
                        7.5,
                        6.5,
                        9
                    ],
                    "texture": "#0"
                },
                "up": {
                    "uv": [
                        6,
                        7.5,
                        6.5,
                        9
                    ],
                    "texture": "#0",
                    "rotation": 90
                },
                "down": {
                    "uv": [
                        6,
                        7.5,
                        6.5,
                        9
                    ],
                    "texture": "#0",
                    "rotation": 90
                }
            },
            "type": "cube"
        },
        {
            "name": "cube",
            "from": [
                5.5,
                1.5,
                17
            ],
            "to": [
                7,
                3,
                17.5
            ],
            "faces": {
                "north": {
                    "uv": [
                        4.5,
                        7.5,
                        6,
                        9
                    ],
                    "texture": "#0"
                },
                "east": {
                    "uv": [
                        6,
                        7.5,
                        6.5,
                        9
                    ],
                    "texture": "#0"
                },
                "south": {
                    "uv": [
                        4.5,
                        7.5,
                        6,
                        9
                    ],
                    "texture": "#0"
                },
                "west": {
                    "uv": [
                        6,
                        7.5,
                        6.5,
                        9
                    ],
                    "texture": "#0"
                },
                "up": {
                    "uv": [
                        6,
                        7.5,
                        6.5,
                        9
                    ],
                    "texture": "#0",
                    "rotation": 90
                },
                "down": {
                    "uv": [
                        6,
                        7.5,
                        6.5,
                        9
                    ],
                    "texture": "#0",
                    "rotation": 90
                }
            },
            "type": "cube"
        }
    ],
    "display": {
        "thirdperson_righthand": {
            "rotation": [
                83,
                0,
                0
            ],
            "translation": [
                1,
                -1,
                18
            ]
        },
        "thirdperson_lefthand": {
            "rotation": [
                83,
                0,
                0
            ],
            "translation": [
                1,
                -1,
                18
            ]
        },
        "firstperson_lefthand": {
            "translation": [
                0,
                -32,
                32
            ]
        },
        "firstperson_righthand": {
            "translation": [
                0,
                -32,
                32
            ]
        },
        "head": {
            "scale": [
                1,
                1,
                1
            ],
            "translation": [
                0,
                14.5,
                0
            ]
        },
        "ground": {
            "scale": [
                0.35,
                0.35,
                0.35
            ],
            "rotation": [
                0,
                0,
                0
            ],
            "translation": [
                0,
                2,
                0
            ]
        },
        "gui": {
            "scale": [
                0.8,
                0.85,
                0.8
            ],
            "rotation": [
                23,
                135,
                0
            ],
            "translation": [
                0,
                1,
                0
            ]
        },
        "fixed": {
            "scale": [
                1,
                1,
                1
            ],
            "rotation": [
                0,
                90,
                0
            ]
        }
    }
}