{
    "model": {
      "type": "minecraft:range_dispatch",
      "property": "minecraft:custom_model_data",
      "entries": [
        {
          "threshold": 12345,
          "model": {
            "type": "minecraft:condition",
            "property": "minecraft:using_item",
            "on_false": {
              "type": "minecraft:model",
              "model": "storytime:item/pink_bow"
            },
            "on_true": {
              "type": "minecraft:range_dispatch",
              "property": "minecraft:use_duration",
              "scale": 0.05,
              "entries": [
                {
                  "threshold": 0.65,
                  "model": {
                    "type": "minecraft:model",
                    "model": "storytime:item/pink_bow_pulling_1"
                  }
                },
                {
                  "threshold": 0.9,
                  "model": {
                    "type": "minecraft:model",
                    "model": "storytime:item/pink_bow_pulling_2"
                  }
                }
              ],
              "fallback": {
                "type": "minecraft:model",
                "model": "storytime:item/pink_bow_pulling_0"
              }
            }
          }
        }
      ],
      "fallback": {
        "type": "minecraft:condition",
        "property": "minecraft:using_item",
        "on_false": {
          "type": "minecraft:model",
          "model": "storytime:item/pink_bow"
        },
        "on_true": {
          "type": "minecraft:range_dispatch",
          "property": "minecraft:use_duration",
          "scale": 0.05,
          "entries": [
            {
              "threshold": 0.65,
              "model": {
                "type": "minecraft:model",
                "model": "storytime:item/pink_bow_pulling_1"
              }
            },
            {
              "threshold": 0.9,
              "model": {
                "type": "minecraft:model",
                "model": "storytime:item/pink_bow_pulling_2"
              }
            }
          ],
          "fallback": {
            "type": "minecraft:model",
            "model": "storytime:item/pink_bow_pulling_0"
          }
        }
      }
    }
  }
  