{
	"credit": "Made with Blockbench",
	"texture_size": [32, 32],
	"textures": {
		"0": "ax_wings_pack:item/astronaut_wings",
		"1": "ax_wings_pack:item/astronaut_wings2",
		"particle": "ax_wings_pack:item/astronaut_wings"
	},
	"elements": [
		{
			"from": [-8, 0, 0],
			"to": [8, 19, 0],
			"rotation": {"angle": 22.5, "axis": "y", "origin": [8, 0, 0]},
			"faces": {
				"north": {"uv": [0, 4.75, 4, 9.5], "texture": "#0"},
				"east": {"uv": [0, 0, 0, 4.75], "texture": "#0"},
				"south": {"uv": [4, 4.75, 8, 9.5], "texture": "#0"},
				"west": {"uv": [0, 0, 0, 4.75], "texture": "#0"},
				"up": {"uv": [4, 0, 0, 0], "texture": "#0"},
				"down": {"uv": [4, 0, 0, 0], "texture": "#0"}
			}
		},
		{
			"from": [8, 0, 0],
			"to": [24, 19, 0],
			"rotation": {"angle": -22.5, "axis": "y", "origin": [8, 0, 0]},
			"faces": {
				"north": {"uv": [0, 0, 4, 4.75], "texture": "#0"},
				"east": {"uv": [0, 0, 0, 4.75], "texture": "#0"},
				"south": {"uv": [4, 0, 8, 4.75], "texture": "#0"},
				"west": {"uv": [0, 0, 0, 4.75], "texture": "#0"},
				"up": {"uv": [4, 0, 0, 0], "texture": "#0"},
				"down": {"uv": [4, 0, 0, 0], "texture": "#0"}
			}
		},
		{
			"from": [0.5, 4, 1],
			"to": [4.5, 9, 5],
			"rotation": {"angle": 22.5, "axis": "y", "origin": [0, 0, 0]},
			"faces": {
				"north": {"uv": [0, 0, 2, 2.5], "texture": "#1"},
				"east": {"uv": [2, 0, 4, 2.5], "texture": "#1"},
				"south": {"uv": [0, 2.5, 2, 5], "texture": "#1"},
				"west": {"uv": [2, 2.5, 4, 5], "texture": "#1"},
				"up": {"uv": [6, 7, 4, 5], "texture": "#1"},
				"down": {"uv": [8, 0, 6, 2], "texture": "#1"}
			}
		},
		{
			"from": [-5, 8, 2],
			"to": [-3, 11, 4],
			"rotation": {"angle": 22.5, "axis": "y", "origin": [0, 0, 0]},
			"faces": {
				"north": {"uv": [6, 6, 7, 7.5], "texture": "#1"},
				"east": {"uv": [4, 7, 5, 8.5], "texture": "#1"},
				"south": {"uv": [5, 7, 6, 8.5], "texture": "#1"},
				"west": {"uv": [7, 6, 8, 7.5], "texture": "#1"},
				"up": {"uv": [7, 8.5, 6, 7.5], "texture": "#1"},
				"down": {"uv": [8, 7.5, 7, 8.5], "texture": "#1"}
			}
		},
		{
			"from": [10.5, 4, -5],
			"to": [14.5, 9, -1],
			"rotation": {"angle": -22.5, "axis": "y", "origin": [0, 0, 0]},
			"faces": {
				"north": {"uv": [4, 0, 6, 2.5], "texture": "#1"},
				"east": {"uv": [4, 2.5, 6, 5], "texture": "#1"},
				"south": {"uv": [0, 5, 2, 7.5], "texture": "#1"},
				"west": {"uv": [2, 5, 4, 7.5], "texture": "#1"},
				"up": {"uv": [8, 4, 6, 2], "texture": "#1"},
				"down": {"uv": [8, 4, 6, 6], "texture": "#1"}
			}
		},
		{
			"from": [18, 8, -4],
			"to": [20, 11, -2],
			"rotation": {"angle": -22.5, "axis": "y", "origin": [0, 0, 0]},
			"faces": {
				"north": {"uv": [0, 7.5, 1, 9], "texture": "#1"},
				"east": {"uv": [1, 7.5, 2, 9], "texture": "#1"},
				"south": {"uv": [2, 7.5, 3, 9], "texture": "#1"},
				"west": {"uv": [3, 7.5, 4, 9], "texture": "#1"},
				"up": {"uv": [9, 1, 8, 0], "texture": "#1"},
				"down": {"uv": [9, 1, 8, 2], "texture": "#1"}
			}
		}
	],
	"display": {
		"thirdperson_righthand": {
			"rotation": [48, 0, 0],
			"translation": [0, -1.75, 0.25],
			"scale": [0.3, 0.3, 0.3]
		},
		"thirdperson_lefthand": {
			"rotation": [48, 0, 0],
			"translation": [0, -1.75, 0.25],
			"scale": [0.3, 0.3, 0.3]
		},
		"firstperson_righthand": {
			"translation": [1, 0, 0],
			"scale": [0.6, 0.6, 0.6]
		},
		"firstperson_lefthand": {
			"translation": [1, 0, 0],
			"scale": [0.6, 0.6, 0.6]
		},
		"ground": {
			"scale": [0.4, 0.4, 0.4]
		},
		"gui": {
			"scale": [0.5, 0.5, 1]
		},
		"head": {
			"translation": [0.25, -65, 17.25],
			"scale": [1.75, 1.75, 1.75]
		},
		"fixed": {
			"rotation": [0, 180, 0],
			"translation": [0, 0, -3.75],
			"scale": [0.55, 0.55, 0.55]
		}
	},
	"groups": [
		0,
		1,
		{
			"name": "group",
			"origin": [0, 0, 0],
			"color": 0,
			"children": [2, 3, 4, 5]
		}
	]
}