{
	"credit": "Made with Blockbench",
	"texture_size": [64, 64],
	"textures": {
		"0": "ax_wings_pack:item/butterfly_wings",
		"particle": "ax_wings_pack:item/butterfly_wings"
	},
	"elements": [
		{
			"from": [8, 0, 0],
			"to": [24, 19, 0],
			"rotation": {"angle": -22.5, "axis": "y", "origin": [8, 0, 0]},
			"faces": {
				"north": {"uv": [0, 0, 4, 4.75], "texture": "#0"},
				"east": {"uv": [0, 0, 0, 4.75], "texture": "#0"},
				"south": {"uv": [4, 0, 8, 4.75], "texture": "#0"},
				"west": {"uv": [0, 0, 0, 4.75], "texture": "#0"},
				"up": {"uv": [4, 0, 0, 0], "texture": "#0"},
				"down": {"uv": [4, 0, 0, 0], "texture": "#0"}
			}
		},
		{
			"from": [-8, 0, 0],
			"to": [8, 19, 0],
			"rotation": {"angle": 22.5, "axis": "y", "origin": [8, 0, 0]},
			"faces": {
				"north": {"uv": [0, 4.75, 4, 9.5], "texture": "#0"},
				"east": {"uv": [0, 0, 0, 4.75], "texture": "#0"},
				"south": {"uv": [4, 4.75, 8, 9.5], "texture": "#0"},
				"west": {"uv": [0, 0, 0, 4.75], "texture": "#0"},
				"up": {"uv": [4, 0, 0, 0], "texture": "#0"},
				"down": {"uv": [4, 0, 0, 0], "texture": "#0"}
			}
		}
	],
	"display": {
		"thirdperson_righthand": {
			"rotation": [57, 180, 0],
			"translation": [0, 1.25, -1],
			"scale": [0.2, 0.2, 0.2]
		},
		"thirdperson_lefthand": {
			"rotation": [57, 180, 0],
			"translation": [0, 1.25, -1],
			"scale": [0.2, 0.2, 0.2]
		},
		"firstperson_righthand": {
			"translation": [4, 0, 2.75],
			"scale": [0.7, 0.7, 0.7]
		},
		"firstperson_lefthand": {
			"translation": [4, 0, 2.75],
			"scale": [0.7, 0.7, 0.7]
		},
		"ground": {
			"scale": [0.35, 0.35, 0.35]
		},
		"gui": {
			"scale": [0.5, 0.5, 0.5]
		},
		"head": {
			"translation": [0, -60, 17.25],
			"scale": [1.75, 1.75, 1.75]
		},
		"fixed": {
			"rotation": [0, 180, 0],
			"translation": [0, 0, -5],
			"scale": [0.75, 0.75, 0.75]
		}
	}
}