{
	"credit": "Made with Blockbench",
	"texture_size": [64, 64],
	"textures": {
		"0": "ax_wings_pack:item/dragon_wings",
		"particle": "ax_wings_pack:item/dragon_wings"
	},
	"elements": [
		{
			"from": [-8, 0, 0],
			"to": [8, 19, 0],
			"rotation": {"angle": 22.5, "axis": "y", "origin": [8, 0, 0]},
			"faces": {
				"north": {"uv": [0, 0, 4, 4.75], "texture": "#0"},
				"east": {"uv": [0, 0, 0, 4.75], "texture": "#0"},
				"south": {"uv": [4, 0, 8, 4.75], "texture": "#0"},
				"west": {"uv": [0, 0, 0, 4.75], "texture": "#0"},
				"up": {"uv": [4, 0, 0, 0], "texture": "#0"},
				"down": {"uv": [4, 0, 0, 0], "texture": "#0"}
			}
		},
		{
			"from": [8, 0, 0],
			"to": [24, 19, 0],
			"rotation": {"angle": -22.5, "axis": "y", "origin": [8, 0, 0]},
			"faces": {
				"north": {"uv": [0, 4.75, 4, 9.5], "texture": "#0"},
				"east": {"uv": [0, 0, 0, 4.75], "texture": "#0"},
				"south": {"uv": [4, 4.75, 8, 9.5], "texture": "#0"},
				"west": {"uv": [0, 0, 0, 4.75], "texture": "#0"},
				"up": {"uv": [4, 0, 0, 0], "texture": "#0"},
				"down": {"uv": [4, 0, 0, 0], "texture": "#0"}
			}
		}
	],
	"display": {
		"thirdperson_righthand": {
			"rotation": [72, 180, 0],
			"translation": [0, 2.75, 0],
			"scale": [0.34, 0.34, 0.34]
		},
		"thirdperson_lefthand": {
			"rotation": [72, 180, 0],
			"translation": [0, 2.75, 0],
			"scale": [0.34, 0.34, 0.34]
		},
		"firstperson_righthand": {
			"translation": [8.5, 2.25, 1],
			"scale": [0.68, 0.68, 0.69]
		},
		"firstperson_lefthand": {
			"translation": [8.5, 2.25, 1],
			"scale": [0.68, 0.68, 0.68]
		},
		"ground": {
			"scale": [0.34, 0.33, 0.32]
		},
		"gui": {
			"scale": [0.5, 0.5, 0.5]
		},
		"head": {
			"translation": [0, -65, 17.25],
			"scale": [1.75, 1.75, 1.75]
		},
		"fixed": {
			"rotation": [0, 180, 0],
			"translation": [0, 0, -3.25],
			"scale": [0.5, 0.5, 0.5]
		}
	}
}