{
	"credit": "Made with Blockbench",
	"texture_size": [64, 64],
	"textures": {
		"0": "ax_wings_pack:item/eagle_wings",
		"particle": "ax_wings_pack:item/eagle_wings"
	},
	"elements": [
		{
			"from": [-15, -1.5, 0],
			"to": [1, 16.5, 0],
			"rotation": {"angle": -22.5, "axis": "z", "origin": [7, 0, 0]},
			"faces": {
				"north": {"uv": [0, 0, 4, 4.5], "texture": "#0"},
				"east": {"uv": [0, 0, 0, 4.5], "texture": "#0"},
				"south": {"uv": [4, 0, 8, 4.5], "texture": "#0"},
				"west": {"uv": [0, 0, 0, 4.5], "texture": "#0"},
				"up": {"uv": [4, 0, 0, 0], "texture": "#0"},
				"down": {"uv": [4, 0, 0, 0], "texture": "#0"}
			}
		},
		{
			"from": [14, -2, 0],
			"to": [30, 16, 0],
			"rotation": {"angle": 22.5, "axis": "z", "origin": [7, 0, 0]},
			"faces": {
				"north": {"uv": [0, 4.5, 4, 9], "texture": "#0"},
				"east": {"uv": [0, 0, 0, 4.5], "texture": "#0"},
				"south": {"uv": [4, 4.5, 8, 9], "texture": "#0"},
				"west": {"uv": [0, 0, 0, 4.5], "texture": "#0"},
				"up": {"uv": [4, 0, 0, 0], "texture": "#0"},
				"down": {"uv": [4, 0, 0, 0], "texture": "#0"}
			}
		}
	],
	"display": {
		"thirdperson_righthand": {
			"rotation": [55, 0, 0],
			"translation": [0, -1.75, 0],
			"scale": [0.2, 0.2, 0.2]
		},
		"thirdperson_lefthand": {
			"rotation": [55, 0, 0],
			"translation": [0, -1.75, 0],
			"scale": [0.2, 0.2, 0.2]
		},
		"firstperson_righthand": {
			"translation": [4.25, 0, 5],
			"scale": [0.5, 0.5, 0.5]
		},
		"firstperson_lefthand": {
			"translation": [4.25, 0, 5],
			"scale": [0.5, 0.5, 0.5]
		},
		"ground": {
			"scale": [0.3, 0.3, 0.3]
		},
		"gui": {
			"translation": [0, -3.75, 0],
			"scale": [0.5, 0.5, 0.5]
		},
		"head": {
			"translation": [0, -75, 17.75],
			"scale": [1.75, 1.75, 1.75]
		},
		"fixed": {
			"translation": [0, -4.25, 4.75],
			"scale": [0.53, 0.54, 0.53]
		}
	}
}