{
	"credit": "Made By Rehiga",
	"texture_size": [32, 32],
	"textures": {
		"0": "mini_sus:item/mini_sus_green"
	},
	"elements": [
		{
			"from": [6.5, 2, 8],
			"to": [9.5, 6, 9],
			"rotation": {"angle": 0, "axis": "y", "origin": [16, 0, 0]},
			"faces": {
				"north": {"uv": [5, 1.5, 6.5, 3.5], "texture": "#0"},
				"east": {"uv": [4.5, 6, 5, 8], "texture": "#0"},
				"south": {"uv": [3, 5, 4.5, 7], "texture": "#0"},
				"west": {"uv": [5, 6, 5.5, 8], "texture": "#0"},
				"up": {"uv": [9, 2.5, 7.5, 2], "texture": "#0"},
				"down": {"uv": [9, 2.5, 7.5, 3], "texture": "#0"}
			}
		},
		{
			"from": [8.5, 0, 4],
			"to": [10.5, 2, 6],
			"faces": {
				"north": {"uv": [5.5, 6, 6.5, 7], "texture": "#0"},
				"east": {"uv": [6.5, 1.5, 7.5, 2.5], "texture": "#0"},
				"south": {"uv": [6.5, 2.5, 7.5, 3.5], "texture": "#0"},
				"west": {"uv": [6.5, 4.5, 7.5, 5.5], "texture": "#0"},
				"up": {"uv": [7.5, 6.5, 6.5, 5.5], "texture": "#0"},
				"down": {"uv": [7.5, 6.5, 6.5, 7.5], "texture": "#0"}
			}
		},
		{
			"from": [5.5, 0, 4],
			"to": [7.5, 2, 6],
			"rotation": {"angle": 0, "axis": "y", "origin": [16, 0, 0]},
			"faces": {
				"north": {"uv": [0, 7, 1, 8], "texture": "#0"},
				"east": {"uv": [1, 7, 2, 8], "texture": "#0"},
				"south": {"uv": [2, 7, 3, 8], "texture": "#0"},
				"west": {"uv": [3, 7, 4, 8], "texture": "#0"},
				"up": {"uv": [6.5, 8, 5.5, 7], "texture": "#0"},
				"down": {"uv": [8.5, 0, 7.5, 1], "texture": "#0"}
			}
		},
		{
			"from": [6, 4, 5],
			"to": [10, 6, 6],
			"rotation": {"angle": 0, "axis": "y", "origin": [16, 0, 0]},
			"faces": {
				"north": {"uv": [4.5, 5, 6.5, 6], "texture": "#0"},
				"east": {"uv": [4, 7, 4.5, 8], "texture": "#0"},
				"south": {"uv": [5.5, 3.5, 7.5, 4.5], "texture": "#0"},
				"west": {"uv": [7.5, 3, 8, 4], "texture": "#0"},
				"up": {"uv": [9.5, 1.5, 7.5, 1], "texture": "#0"},
				"down": {"uv": [9.5, 1.5, 7.5, 2], "texture": "#0"}
			}
		},
		{
			"from": [5.5, 0, 6],
			"to": [10.5, 7, 8],
			"faces": {
				"north": {"uv": [0, 0, 2.5, 3.5], "texture": "#0"},
				"east": {"uv": [0, 3.5, 1.5, 7], "texture": "#0"},
				"south": {"uv": [2.5, 0, 5, 3.5], "texture": "#0"},
				"west": {"uv": [1.5, 3.5, 3, 7], "texture": "#0"},
				"up": {"uv": [5.5, 5, 3, 3.5], "texture": "#0"},
				"down": {"uv": [7.5, 0, 5, 1.5], "texture": "#0"}
			}
		}
	],
	"display": {
		"thirdperson_righthand": {
			"rotation": [69, 0, 0],
			"translation": [0, 2.25, 6],
			"scale": [0.8, 0.8, 0.8]
		},
		"thirdperson_lefthand": {
			"rotation": [69, 0, 0],
			"translation": [0, 2.25, 6],
			"scale": [0.8, 0.8, 0.8]
		},
		"firstperson_righthand": {
			"rotation": [0, -180, 0],
			"translation": [0.6, 7.95, 0.9],
			"scale": [0.8, 0.8, 0.8]
		},
		"firstperson_lefthand": {
			"rotation": [0, -180, 0],
			"translation": [0.6, 7.95, 0.9],
			"scale": [0.8, 0.8, 0.8]
		},
		"ground": {
			"translation": [0, 4, 0]
		},
		"gui": {
			"rotation": [6, -131, 0],
			"translation": [1, 3.75, 0],
			"scale": [1.4, 1.4, 1.4]
		},
		"head": {
			"translation": [0, 16, 0],
			"scale": [1.2, 1.2, 1.2]
		},
		"fixed": {
			"translation": [0, 7.5, -1.25],
			"scale": [1.5, 1.5, 1.5]
		}
	},
	"groups": [
		{
			"name": "topi_sus",
			"origin": [8, 8, 8],
			"color": 0,
			"children": [0, 1, 2, 3, 4]
		}
	]
}