{
	"credit": "Made with Blockbench",
	"texture_size": [64, 64],
	"textures": {
		"0": "repohats:item/repohatbluecrown",
		"particle": "repohats:item/repohatbluecrown"
	},
	"elements": [
		{
			"from": [1, 8, 2],
			"to": [14, 15, 14],
			"rotation": {"angle": 0, "axis": "y", "origin": [7, 6, 7]},
			"faces": {
				"north": {"uv": [3.25, 0, 6.5, 2.25], "texture": "#0"},
				"east": {"uv": [3.25, 4.5, 6.25, 6.75], "texture": "#0"},
				"south": {"uv": [3.25, 2.25, 6.5, 4.5], "texture": "#0"},
				"west": {"uv": [0, 6, 3, 8.25], "texture": "#0"},
				"up": {"uv": [3.25, 3, 0, 0], "texture": "#0"},
				"down": {"uv": [3.25, 3, 0, 6], "texture": "#0"}
			}
		},
		{
			"from": [9, 10, 1],
			"to": [13, 14, 2],
			"rotation": {"angle": 0, "axis": "y", "origin": [8, 7, -5]},
			"faces": {
				"north": {"uv": [11.75, 0, 13.25, 1.5], "texture": "#0"},
				"east": {"uv": [3, 6, 3.25, 7], "texture": "#0"},
				"south": {"uv": [6.25, 5.5, 7.25, 6.5], "texture": "#0"},
				"west": {"uv": [6.5, 2, 6.75, 3], "texture": "#0"},
				"up": {"uv": [7.5, 3.25, 6.5, 3], "texture": "#0"},
				"down": {"uv": [7.5, 3.25, 6.5, 3.5], "texture": "#0"}
			}
		},
		{
			"from": [2, 10, 1],
			"to": [6, 14, 2],
			"rotation": {"angle": 0, "axis": "y", "origin": [1, 7, -5]},
			"faces": {
				"north": {"uv": [11.75, 1.75, 13.25, 3.25], "texture": "#0"},
				"east": {"uv": [6.5, 3.5, 6.75, 4.5], "texture": "#0"},
				"south": {"uv": [6.5, 1, 7.5, 2], "texture": "#0"},
				"west": {"uv": [6.25, 6.5, 6.5, 7.5], "texture": "#0"},
				"up": {"uv": [7.5, 6.75, 6.5, 6.5], "texture": "#0"},
				"down": {"uv": [7.75, 2, 6.75, 2.25], "texture": "#0"}
			}
		},
		{
			"name": "cube inverted",
			"from": [14, 15, 14],
			"to": [1, 8, 2],
			"rotation": {"angle": 0, "axis": "y", "origin": [7, 6, 7]},
			"faces": {
				"north": {"uv": [3.25, 4.5, 6.5, 2.25], "texture": "#0"},
				"east": {"uv": [0, 8.25, 3, 6], "texture": "#0"},
				"south": {"uv": [3.25, 2.25, 6.5, 0], "texture": "#0"},
				"west": {"uv": [3.25, 6.75, 6.25, 4.5], "texture": "#0"},
				"up": {"uv": [0, 3, 3.25, 6], "texture": "#0"},
				"down": {"uv": [0, 3, 3.25, 0], "texture": "#0"}
			}
		},
		{
			"from": [5.625, 15, 6.25],
			"to": [9.125, 18.5, 9.75],
			"rotation": {"angle": 0, "axis": "y", "origin": [5.625, 15, 6.25]},
			"faces": {
				"north": {"uv": [12.25, 7.5, 14.25, 9.25], "texture": "#0"},
				"east": {"uv": [12.25, 7.5, 14.25, 9.25], "texture": "#0"},
				"south": {"uv": [12.25, 7.5, 14.25, 9.25], "texture": "#0"},
				"west": {"uv": [12.25, 7.5, 14.25, 9.25], "texture": "#0"}
			}
		},
		{
			"name": "cube inverted",
			"from": [9.125, 18.5, 9.75],
			"to": [5.625, 15, 6.25],
			"rotation": {"angle": 0, "axis": "y", "origin": [5.625, 15, 6.25]},
			"faces": {
				"north": {"uv": [12.25, 9.25, 14.25, 7.5], "texture": "#0"},
				"east": {"uv": [12.25, 9.25, 14.25, 7.5], "texture": "#0"},
				"south": {"uv": [12.25, 9.25, 14.25, 7.5], "texture": "#0"},
				"west": {"uv": [12.25, 9.25, 14.25, 7.5], "texture": "#0"}
			}
		}
	],
	"gui_light": "front",
	"display": {
		"thirdperson_righthand": {
			"rotation": [-160.87, 10.9, -173.6],
			"translation": [0, 0, -2.25],
			"scale": [0.49219, 0.49219, 0.49219]
		},
		"thirdperson_lefthand": {
			"rotation": [-160.87, 10.9, -173.6],
			"translation": [0, 0, -2.25],
			"scale": [0.49219, 0.49219, 0.49219]
		},
		"firstperson_righthand": {
			"rotation": [-180, 33.75, 180],
			"translation": [0.5, 1, -2.5],
			"scale": [0.65781, 0.65781, 0.65781]
		},
		"firstperson_lefthand": {
			"rotation": [-180, 33.75, 180],
			"translation": [0.5, 1, -2.5],
			"scale": [0.65781, 0.65781, 0.65781]
		},
		"ground": {
			"translation": [0, -2.25, 0],
			"scale": [0.59961, 0.59961, 0.59961]
		},
		"gui": {
			"rotation": [30, 225, 0],
			"translation": [-0.25, -3.5, 0],
			"scale": [0.88086, 0.88086, 0.88086]
		},
		"head": {
			"translation": [0.75, -1, 0],
			"scale": [1.22852, 1.22852, 1.22852]
		},
		"fixed": {
			"translation": [0, -3.5, -6]
		}
	}
}